Datum,avg_Ankuenfte_ins_absolut,avg_uebernachtungen_ins_absolut
2015-01-01,535.6129032258065,1076.6451612903227
2015-01-02,535.6129032258065,1076.6451612903227
2015-01-03,535.6129032258065,1076.6451612903227
2015-01-04,535.6129032258065,1076.6451612903227
2015-01-05,535.6129032258065,1076.6451612903227
2015-01-06,535.6129032258065,1076.6451612903227
2015-01-07,535.6129032258065,1076.6451612903227
2015-01-08,535.6129032258065,1076.6451612903227
2015-01-09,535.6129032258065,1076.6451612903227
2015-01-10,535.6129032258065,1076.6451612903227
2015-01-11,535.6129032258065,1076.6451612903227
2015-01-12,535.6129032258065,1076.6451612903227
2015-01-13,535.6129032258065,1076.6451612903227
2015-01-14,535.6129032258065,1076.6451612903227
2015-01-15,535.6129032258065,1076.6451612903227
2015-01-16,535.6129032258065,1076.6451612903227
2015-01-17,535.6129032258065,1076.6451612903227
2015-01-18,535.6129032258065,1076.6451612903227
2015-01-19,535.6129032258065,1076.6451612903227
2015-01-20,535.6129032258065,1076.6451612903227
2015-01-21,535.6129032258065,1076.6451612903227
2015-01-22,535.6129032258065,1076.6451612903227
2015-01-23,535.6129032258065,1076.6451612903227
2015-01-24,535.6129032258065,1076.6451612903227
2015-01-25,535.6129032258065,1076.6451612903227
2015-01-26,535.6129032258065,1076.6451612903227
2015-01-27,535.6129032258065,1076.6451612903227
2015-01-28,535.6129032258065,1076.6451612903227
2015-01-29,535.6129032258065,1076.6451612903227
2015-01-30,535.6129032258065,1076.6451612903227
2015-01-31,535.6129032258065,1076.6451612903227
2015-02-01,696.9285714285714,1462.7857142857142
2015-02-02,696.9285714285714,1462.7857142857142
2015-02-03,696.9285714285714,1462.7857142857142
2015-02-04,696.9285714285714,1462.7857142857142
2015-02-05,696.9285714285714,1462.7857142857142
2015-02-06,696.9285714285714,1462.7857142857142
2015-02-07,696.9285714285714,1462.7857142857142
2015-02-08,696.9285714285714,1462.7857142857142
2015-02-09,696.9285714285714,1462.7857142857142
2015-02-10,696.9285714285714,1462.7857142857142
2015-02-11,696.9285714285714,1462.7857142857142
2015-02-12,696.9285714285714,1462.7857142857142
2015-02-13,696.9285714285714,1462.7857142857142
2015-02-14,696.9285714285714,1462.7857142857142
2015-02-15,696.9285714285714,1462.7857142857142
2015-02-16,696.9285714285714,1462.7857142857142
2015-02-17,696.9285714285714,1462.7857142857142
2015-02-18,696.9285714285714,1462.7857142857142
2015-02-19,696.9285714285714,1462.7857142857142
2015-02-20,696.9285714285714,1462.7857142857142
2015-02-21,696.9285714285714,1462.7857142857142
2015-02-22,696.9285714285714,1462.7857142857142
2015-02-23,696.9285714285714,1462.7857142857142
2015-02-24,696.9285714285714,1462.7857142857142
2015-02-25,696.9285714285714,1462.7857142857142
2015-02-26,696.9285714285714,1462.7857142857142
2015-02-27,696.9285714285714,1462.7857142857142
2015-02-28,696.9285714285714,1462.7857142857142
2015-03-01,749.258064516129,1659.1935483870968
2015-03-02,749.258064516129,1659.1935483870968
2015-03-03,749.258064516129,1659.1935483870968
2015-03-04,749.258064516129,1659.1935483870968
2015-03-05,749.258064516129,1659.1935483870968
2015-03-06,749.258064516129,1659.1935483870968
2015-03-07,749.258064516129,1659.1935483870968
2015-03-08,749.258064516129,1659.1935483870968
2015-03-09,749.258064516129,1659.1935483870968
2015-03-10,749.258064516129,1659.1935483870968
2015-03-11,749.258064516129,1659.1935483870968
2015-03-12,749.258064516129,1659.1935483870968
2015-03-13,749.258064516129,1659.1935483870968
2015-03-14,749.258064516129,1659.1935483870968
2015-03-15,749.258064516129,1659.1935483870968
2015-03-16,749.258064516129,1659.1935483870968
2015-03-17,749.258064516129,1659.1935483870968
2015-03-18,749.258064516129,1659.1935483870968
2015-03-19,749.258064516129,1659.1935483870968
2015-03-20,749.258064516129,1659.1935483870968
2015-03-21,749.258064516129,1659.1935483870968
2015-03-22,749.258064516129,1659.1935483870968
2015-03-23,749.258064516129,1659.1935483870968
2015-03-24,749.258064516129,1659.1935483870968
2015-03-25,749.258064516129,1659.1935483870968
2015-03-26,749.258064516129,1659.1935483870968
2015-03-27,749.258064516129,1659.1935483870968
2015-03-28,749.258064516129,1659.1935483870968
2015-03-29,749.258064516129,1659.1935483870968
2015-03-30,749.258064516129,1659.1935483870968
2015-03-31,749.258064516129,1659.1935483870968
2015-04-01,791.1666666666666,1628.1333333333334
2015-04-02,791.1666666666666,1628.1333333333334
2015-04-03,791.1666666666666,1628.1333333333334
2015-04-04,791.1666666666666,1628.1333333333334
2015-04-05,791.1666666666666,1628.1333333333334
2015-04-06,791.1666666666666,1628.1333333333334
2015-04-07,791.1666666666666,1628.1333333333334
2015-04-08,791.1666666666666,1628.1333333333334
2015-04-09,791.1666666666666,1628.1333333333334
2015-04-10,791.1666666666666,1628.1333333333334
2015-04-11,791.1666666666666,1628.1333333333334
2015-04-12,791.1666666666666,1628.1333333333334
2015-04-13,791.1666666666666,1628.1333333333334
2015-04-14,791.1666666666666,1628.1333333333334
2015-04-15,791.1666666666666,1628.1333333333334
2015-04-16,791.1666666666666,1628.1333333333334
2015-04-17,791.1666666666666,1628.1333333333334
2015-04-18,791.1666666666666,1628.1333333333334
2015-04-19,791.1666666666666,1628.1333333333334
2015-04-20,791.1666666666666,1628.1333333333334
2015-04-21,791.1666666666666,1628.1333333333334
2015-04-22,791.1666666666666,1628.1333333333334
2015-04-23,791.1666666666666,1628.1333333333334
2015-04-24,791.1666666666666,1628.1333333333334
2015-04-25,791.1666666666666,1628.1333333333334
2015-04-26,791.1666666666666,1628.1333333333334
2015-04-27,791.1666666666666,1628.1333333333334
2015-04-28,791.1666666666666,1628.1333333333334
2015-04-29,791.1666666666666,1628.1333333333334
2015-04-30,791.1666666666666,1628.1333333333334
2015-05-01,1050.774193548387,2083.8064516129034
2015-05-02,1050.774193548387,2083.8064516129034
2015-05-03,1050.774193548387,2083.8064516129034
2015-05-04,1050.774193548387,2083.8064516129034
2015-05-05,1050.774193548387,2083.8064516129034
2015-05-06,1050.774193548387,2083.8064516129034
2015-05-07,1050.774193548387,2083.8064516129034
2015-05-08,1050.774193548387,2083.8064516129034
2015-05-09,1050.774193548387,2083.8064516129034
2015-05-10,1050.774193548387,2083.8064516129034
2015-05-11,1050.774193548387,2083.8064516129034
2015-05-12,1050.774193548387,2083.8064516129034
2015-05-13,1050.774193548387,2083.8064516129034
2015-05-14,1050.774193548387,2083.8064516129034
2015-05-15,1050.774193548387,2083.8064516129034
2015-05-16,1050.774193548387,2083.8064516129034
2015-05-17,1050.774193548387,2083.8064516129034
2015-05-18,1050.774193548387,2083.8064516129034
2015-05-19,1050.774193548387,2083.8064516129034
2015-05-20,1050.774193548387,2083.8064516129034
2015-05-21,1050.774193548387,2083.8064516129034
2015-05-22,1050.774193548387,2083.8064516129034
2015-05-23,1050.774193548387,2083.8064516129034
2015-05-24,1050.774193548387,2083.8064516129034
2015-05-25,1050.774193548387,2083.8064516129034
2015-05-26,1050.774193548387,2083.8064516129034
2015-05-27,1050.774193548387,2083.8064516129034
2015-05-28,1050.774193548387,2083.8064516129034
2015-05-29,1050.774193548387,2083.8064516129034
2015-05-30,1050.774193548387,2083.8064516129034
2015-05-31,1050.774193548387,2083.8064516129034
2015-06-01,1185.1666666666667,2369.0
2015-06-02,1185.1666666666667,2369.0
2015-06-03,1185.1666666666667,2369.0
2015-06-04,1185.1666666666667,2369.0
2015-06-05,1185.1666666666667,2369.0
2015-06-06,1185.1666666666667,2369.0
2015-06-07,1185.1666666666667,2369.0
2015-06-08,1185.1666666666667,2369.0
2015-06-09,1185.1666666666667,2369.0
2015-06-10,1185.1666666666667,2369.0
2015-06-11,1185.1666666666667,2369.0
2015-06-12,1185.1666666666667,2369.0
2015-06-13,1185.1666666666667,2369.0
2015-06-14,1185.1666666666667,2369.0
2015-06-15,1185.1666666666667,2369.0
2015-06-16,1185.1666666666667,2369.0
2015-06-17,1185.1666666666667,2369.0
2015-06-18,1185.1666666666667,2369.0
2015-06-19,1185.1666666666667,2369.0
2015-06-20,1185.1666666666667,2369.0
2015-06-21,1185.1666666666667,2369.0
2015-06-22,1185.1666666666667,2369.0
2015-06-23,1185.1666666666667,2369.0
2015-06-24,1185.1666666666667,2369.0
2015-06-25,1185.1666666666667,2369.0
2015-06-26,1185.1666666666667,2369.0
2015-06-27,1185.1666666666667,2369.0
2015-06-28,1185.1666666666667,2369.0
2015-06-29,1185.1666666666667,2369.0
2015-06-30,1185.1666666666667,2369.0
2015-07-01,1323.5483870967741,2536.1935483870966
2015-07-02,1323.5483870967741,2536.1935483870966
2015-07-03,1323.5483870967741,2536.1935483870966
2015-07-04,1323.5483870967741,2536.1935483870966
2015-07-05,1323.5483870967741,2536.1935483870966
2015-07-06,1323.5483870967741,2536.1935483870966
2015-07-07,1323.5483870967741,2536.1935483870966
2015-07-08,1323.5483870967741,2536.1935483870966
2015-07-09,1323.5483870967741,2536.1935483870966
2015-07-10,1323.5483870967741,2536.1935483870966
2015-07-11,1323.5483870967741,2536.1935483870966
2015-07-12,1323.5483870967741,2536.1935483870966
2015-07-13,1323.5483870967741,2536.1935483870966
2015-07-14,1323.5483870967741,2536.1935483870966
2015-07-15,1323.5483870967741,2536.1935483870966
2015-07-16,1323.5483870967741,2536.1935483870966
2015-07-17,1323.5483870967741,2536.1935483870966
2015-07-18,1323.5483870967741,2536.1935483870966
2015-07-19,1323.5483870967741,2536.1935483870966
2015-07-20,1323.5483870967741,2536.1935483870966
2015-07-21,1323.5483870967741,2536.1935483870966
2015-07-22,1323.5483870967741,2536.1935483870966
2015-07-23,1323.5483870967741,2536.1935483870966
2015-07-24,1323.5483870967741,2536.1935483870966
2015-07-25,1323.5483870967741,2536.1935483870966
2015-07-26,1323.5483870967741,2536.1935483870966
2015-07-27,1323.5483870967741,2536.1935483870966
2015-07-28,1323.5483870967741,2536.1935483870966
2015-07-29,1323.5483870967741,2536.1935483870966
2015-07-30,1323.5483870967741,2536.1935483870966
2015-07-31,1323.5483870967741,2536.1935483870966
2015-08-01,1255.9354838709678,2451.9032258064517
2015-08-02,1255.9354838709678,2451.9032258064517
2015-08-03,1255.9354838709678,2451.9032258064517
2015-08-04,1255.9354838709678,2451.9032258064517
2015-08-05,1255.9354838709678,2451.9032258064517
2015-08-06,1255.9354838709678,2451.9032258064517
2015-08-07,1255.9354838709678,2451.9032258064517
2015-08-08,1255.9354838709678,2451.9032258064517
2015-08-09,1255.9354838709678,2451.9032258064517
2015-08-10,1255.9354838709678,2451.9032258064517
2015-08-11,1255.9354838709678,2451.9032258064517
2015-08-12,1255.9354838709678,2451.9032258064517
2015-08-13,1255.9354838709678,2451.9032258064517
2015-08-14,1255.9354838709678,2451.9032258064517
2015-08-15,1255.9354838709678,2451.9032258064517
2015-08-16,1255.9354838709678,2451.9032258064517
2015-08-17,1255.9354838709678,2451.9032258064517
2015-08-18,1255.9354838709678,2451.9032258064517
2015-08-19,1255.9354838709678,2451.9032258064517
2015-08-20,1255.9354838709678,2451.9032258064517
2015-08-21,1255.9354838709678,2451.9032258064517
2015-08-22,1255.9354838709678,2451.9032258064517
2015-08-23,1255.9354838709678,2451.9032258064517
2015-08-24,1255.9354838709678,2451.9032258064517
2015-08-25,1255.9354838709678,2451.9032258064517
2015-08-26,1255.9354838709678,2451.9032258064517
2015-08-27,1255.9354838709678,2451.9032258064517
2015-08-28,1255.9354838709678,2451.9032258064517
2015-08-29,1255.9354838709678,2451.9032258064517
2015-08-30,1255.9354838709678,2451.9032258064517
2015-08-31,1255.9354838709678,2451.9032258064517
2015-09-01,1033.9333333333334,2076.766666666667
2015-09-02,1033.9333333333334,2076.766666666667
2015-09-03,1033.9333333333334,2076.766666666667
2015-09-04,1033.9333333333334,2076.766666666667
2015-09-05,1033.9333333333334,2076.766666666667
2015-09-06,1033.9333333333334,2076.766666666667
2015-09-07,1033.9333333333334,2076.766666666667
2015-09-08,1033.9333333333334,2076.766666666667
2015-09-09,1033.9333333333334,2076.766666666667
2015-09-10,1033.9333333333334,2076.766666666667
2015-09-11,1033.9333333333334,2076.766666666667
2015-09-12,1033.9333333333334,2076.766666666667
2015-09-13,1033.9333333333334,2076.766666666667
2015-09-14,1033.9333333333334,2076.766666666667
2015-09-15,1033.9333333333334,2076.766666666667
2015-09-16,1033.9333333333334,2076.766666666667
2015-09-17,1033.9333333333334,2076.766666666667
2015-09-18,1033.9333333333334,2076.766666666667
2015-09-19,1033.9333333333334,2076.766666666667
2015-09-20,1033.9333333333334,2076.766666666667
2015-09-21,1033.9333333333334,2076.766666666667
2015-09-22,1033.9333333333334,2076.766666666667
2015-09-23,1033.9333333333334,2076.766666666667
2015-09-24,1033.9333333333334,2076.766666666667
2015-09-25,1033.9333333333334,2076.766666666667
2015-09-26,1033.9333333333334,2076.766666666667
2015-09-27,1033.9333333333334,2076.766666666667
2015-09-28,1033.9333333333334,2076.766666666667
2015-09-29,1033.9333333333334,2076.766666666667
2015-09-30,1033.9333333333334,2076.766666666667
2015-10-01,901.4193548387096,1766.5806451612902
2015-10-02,901.4193548387096,1766.5806451612902
2015-10-03,901.4193548387096,1766.5806451612902
2015-10-04,901.4193548387096,1766.5806451612902
2015-10-05,901.4193548387096,1766.5806451612902
2015-10-06,901.4193548387096,1766.5806451612902
2015-10-07,901.4193548387096,1766.5806451612902
2015-10-08,901.4193548387096,1766.5806451612902
2015-10-09,901.4193548387096,1766.5806451612902
2015-10-10,901.4193548387096,1766.5806451612902
2015-10-11,901.4193548387096,1766.5806451612902
2015-10-12,901.4193548387096,1766.5806451612902
2015-10-13,901.4193548387096,1766.5806451612902
2015-10-14,901.4193548387096,1766.5806451612902
2015-10-15,901.4193548387096,1766.5806451612902
2015-10-16,901.4193548387096,1766.5806451612902
2015-10-17,901.4193548387096,1766.5806451612902
2015-10-18,901.4193548387096,1766.5806451612902
2015-10-19,901.4193548387096,1766.5806451612902
2015-10-20,901.4193548387096,1766.5806451612902
2015-10-21,901.4193548387096,1766.5806451612902
2015-10-22,901.4193548387096,1766.5806451612902
2015-10-23,901.4193548387096,1766.5806451612902
2015-10-24,901.4193548387096,1766.5806451612902
2015-10-25,901.4193548387096,1766.5806451612902
2015-10-26,901.4193548387096,1766.5806451612902
2015-10-27,901.4193548387096,1766.5806451612902
2015-10-28,901.4193548387096,1766.5806451612902
2015-10-29,901.4193548387096,1766.5806451612902
2015-10-30,901.4193548387096,1766.5806451612902
2015-10-31,901.4193548387096,1766.5806451612902
2015-11-01,846.1,1624.5333333333333
2015-11-02,846.1,1624.5333333333333
2015-11-03,846.1,1624.5333333333333
2015-11-04,846.1,1624.5333333333333
2015-11-05,846.1,1624.5333333333333
2015-11-06,846.1,1624.5333333333333
2015-11-07,846.1,1624.5333333333333
2015-11-08,846.1,1624.5333333333333
2015-11-09,846.1,1624.5333333333333
2015-11-10,846.1,1624.5333333333333
2015-11-11,846.1,1624.5333333333333
2015-11-12,846.1,1624.5333333333333
2015-11-13,846.1,1624.5333333333333
2015-11-14,846.1,1624.5333333333333
2015-11-15,846.1,1624.5333333333333
2015-11-16,846.1,1624.5333333333333
2015-11-17,846.1,1624.5333333333333
2015-11-18,846.1,1624.5333333333333
2015-11-19,846.1,1624.5333333333333
2015-11-20,846.1,1624.5333333333333
2015-11-21,846.1,1624.5333333333333
2015-11-22,846.1,1624.5333333333333
2015-11-23,846.1,1624.5333333333333
2015-11-24,846.1,1624.5333333333333
2015-11-25,846.1,1624.5333333333333
2015-11-26,846.1,1624.5333333333333
2015-11-27,846.1,1624.5333333333333
2015-11-28,846.1,1624.5333333333333
2015-11-29,846.1,1624.5333333333333
2015-11-30,846.1,1624.5333333333333
2015-12-01,790.6451612903226,1474.5483870967741
2015-12-02,790.6451612903226,1474.5483870967741
2015-12-03,790.6451612903226,1474.5483870967741
2015-12-04,790.6451612903226,1474.5483870967741
2015-12-05,790.6451612903226,1474.5483870967741
2015-12-06,790.6451612903226,1474.5483870967741
2015-12-07,790.6451612903226,1474.5483870967741
2015-12-08,790.6451612903226,1474.5483870967741
2015-12-09,790.6451612903226,1474.5483870967741
2015-12-10,790.6451612903226,1474.5483870967741
2015-12-11,790.6451612903226,1474.5483870967741
2015-12-12,790.6451612903226,1474.5483870967741
2015-12-13,790.6451612903226,1474.5483870967741
2015-12-14,790.6451612903226,1474.5483870967741
2015-12-15,790.6451612903226,1474.5483870967741
2015-12-16,790.6451612903226,1474.5483870967741
2015-12-17,790.6451612903226,1474.5483870967741
2015-12-18,790.6451612903226,1474.5483870967741
2015-12-19,790.6451612903226,1474.5483870967741
2015-12-20,790.6451612903226,1474.5483870967741
2015-12-21,790.6451612903226,1474.5483870967741
2015-12-22,790.6451612903226,1474.5483870967741
2015-12-23,790.6451612903226,1474.5483870967741
2015-12-24,790.6451612903226,1474.5483870967741
2015-12-25,790.6451612903226,1474.5483870967741
2015-12-26,790.6451612903226,1474.5483870967741
2015-12-27,790.6451612903226,1474.5483870967741
2015-12-28,790.6451612903226,1474.5483870967741
2015-12-29,790.6451612903226,1474.5483870967741
2015-12-30,790.6451612903226,1474.5483870967741
2015-12-31,790.6451612903226,1474.5483870967741
2016-01-01,545.3225806451613,1117.6451612903227
2016-01-02,545.3225806451613,1117.6451612903227
2016-01-03,545.3225806451613,1117.6451612903227
2016-01-04,545.3225806451613,1117.6451612903227
2016-01-05,545.3225806451613,1117.6451612903227
2016-01-06,545.3225806451613,1117.6451612903227
2016-01-07,545.3225806451613,1117.6451612903227
2016-01-08,545.3225806451613,1117.6451612903227
2016-01-09,545.3225806451613,1117.6451612903227
2016-01-10,545.3225806451613,1117.6451612903227
2016-01-11,545.3225806451613,1117.6451612903227
2016-01-12,545.3225806451613,1117.6451612903227
2016-01-13,545.3225806451613,1117.6451612903227
2016-01-14,545.3225806451613,1117.6451612903227
2016-01-15,545.3225806451613,1117.6451612903227
2016-01-16,545.3225806451613,1117.6451612903227
2016-01-17,545.3225806451613,1117.6451612903227
2016-01-18,545.3225806451613,1117.6451612903227
2016-01-19,545.3225806451613,1117.6451612903227
2016-01-20,545.3225806451613,1117.6451612903227
2016-01-21,545.3225806451613,1117.6451612903227
2016-01-22,545.3225806451613,1117.6451612903227
2016-01-23,545.3225806451613,1117.6451612903227
2016-01-24,545.3225806451613,1117.6451612903227
2016-01-25,545.3225806451613,1117.6451612903227
2016-01-26,545.3225806451613,1117.6451612903227
2016-01-27,545.3225806451613,1117.6451612903227
2016-01-28,545.3225806451613,1117.6451612903227
2016-01-29,545.3225806451613,1117.6451612903227
2016-01-30,545.3225806451613,1117.6451612903227
2016-01-31,545.3225806451613,1117.6451612903227
2016-02-01,753.8620689655172,1393.3103448275863
2016-02-02,753.8620689655172,1393.3103448275863
2016-02-03,753.8620689655172,1393.3103448275863
2016-02-04,753.8620689655172,1393.3103448275863
2016-02-05,753.8620689655172,1393.3103448275863
2016-02-06,753.8620689655172,1393.3103448275863
2016-02-07,753.8620689655172,1393.3103448275863
2016-02-08,753.8620689655172,1393.3103448275863
2016-02-09,753.8620689655172,1393.3103448275863
2016-02-10,753.8620689655172,1393.3103448275863
2016-02-11,753.8620689655172,1393.3103448275863
2016-02-12,753.8620689655172,1393.3103448275863
2016-02-13,753.8620689655172,1393.3103448275863
2016-02-14,753.8620689655172,1393.3103448275863
2016-02-15,753.8620689655172,1393.3103448275863
2016-02-16,753.8620689655172,1393.3103448275863
2016-02-17,753.8620689655172,1393.3103448275863
2016-02-18,753.8620689655172,1393.3103448275863
2016-02-19,753.8620689655172,1393.3103448275863
2016-02-20,753.8620689655172,1393.3103448275863
2016-02-21,753.8620689655172,1393.3103448275863
2016-02-22,753.8620689655172,1393.3103448275863
2016-02-23,753.8620689655172,1393.3103448275863
2016-02-24,753.8620689655172,1393.3103448275863
2016-02-25,753.8620689655172,1393.3103448275863
2016-02-26,753.8620689655172,1393.3103448275863
2016-02-27,753.8620689655172,1393.3103448275863
2016-02-28,753.8620689655172,1393.3103448275863
2016-02-29,753.8620689655172,1393.3103448275863
2016-03-01,734.3225806451613,1511.1612903225807
2016-03-02,734.3225806451613,1511.1612903225807
2016-03-03,734.3225806451613,1511.1612903225807
2016-03-04,734.3225806451613,1511.1612903225807
2016-03-05,734.3225806451613,1511.1612903225807
2016-03-06,734.3225806451613,1511.1612903225807
2016-03-07,734.3225806451613,1511.1612903225807
2016-03-08,734.3225806451613,1511.1612903225807
2016-03-09,734.3225806451613,1511.1612903225807
2016-03-10,734.3225806451613,1511.1612903225807
2016-03-11,734.3225806451613,1511.1612903225807
2016-03-12,734.3225806451613,1511.1612903225807
2016-03-13,734.3225806451613,1511.1612903225807
2016-03-14,734.3225806451613,1511.1612903225807
2016-03-15,734.3225806451613,1511.1612903225807
2016-03-16,734.3225806451613,1511.1612903225807
2016-03-17,734.3225806451613,1511.1612903225807
2016-03-18,734.3225806451613,1511.1612903225807
2016-03-19,734.3225806451613,1511.1612903225807
2016-03-20,734.3225806451613,1511.1612903225807
2016-03-21,734.3225806451613,1511.1612903225807
2016-03-22,734.3225806451613,1511.1612903225807
2016-03-23,734.3225806451613,1511.1612903225807
2016-03-24,734.3225806451613,1511.1612903225807
2016-03-25,734.3225806451613,1511.1612903225807
2016-03-26,734.3225806451613,1511.1612903225807
2016-03-27,734.3225806451613,1511.1612903225807
2016-03-28,734.3225806451613,1511.1612903225807
2016-03-29,734.3225806451613,1511.1612903225807
2016-03-30,734.3225806451613,1511.1612903225807
2016-03-31,734.3225806451613,1511.1612903225807
2016-04-01,842.5666666666667,1625.5
2016-04-02,842.5666666666667,1625.5
2016-04-03,842.5666666666667,1625.5
2016-04-04,842.5666666666667,1625.5
2016-04-05,842.5666666666667,1625.5
2016-04-06,842.5666666666667,1625.5
2016-04-07,842.5666666666667,1625.5
2016-04-08,842.5666666666667,1625.5
2016-04-09,842.5666666666667,1625.5
2016-04-10,842.5666666666667,1625.5
2016-04-11,842.5666666666667,1625.5
2016-04-12,842.5666666666667,1625.5
2016-04-13,842.5666666666667,1625.5
2016-04-14,842.5666666666667,1625.5
2016-04-15,842.5666666666667,1625.5
2016-04-16,842.5666666666667,1625.5
2016-04-17,842.5666666666667,1625.5
2016-04-18,842.5666666666667,1625.5
2016-04-19,842.5666666666667,1625.5
2016-04-20,842.5666666666667,1625.5
2016-04-21,842.5666666666667,1625.5
2016-04-22,842.5666666666667,1625.5
2016-04-23,842.5666666666667,1625.5
2016-04-24,842.5666666666667,1625.5
2016-04-25,842.5666666666667,1625.5
2016-04-26,842.5666666666667,1625.5
2016-04-27,842.5666666666667,1625.5
2016-04-28,842.5666666666667,1625.5
2016-04-29,842.5666666666667,1625.5
2016-04-30,842.5666666666667,1625.5
2016-05-01,1037.5483870967741,1947.0
2016-05-02,1037.5483870967741,1947.0
2016-05-03,1037.5483870967741,1947.0
2016-05-04,1037.5483870967741,1947.0
2016-05-05,1037.5483870967741,1947.0
2016-05-06,1037.5483870967741,1947.0
2016-05-07,1037.5483870967741,1947.0
2016-05-08,1037.5483870967741,1947.0
2016-05-09,1037.5483870967741,1947.0
2016-05-10,1037.5483870967741,1947.0
2016-05-11,1037.5483870967741,1947.0
2016-05-12,1037.5483870967741,1947.0
2016-05-13,1037.5483870967741,1947.0
2016-05-14,1037.5483870967741,1947.0
2016-05-15,1037.5483870967741,1947.0
2016-05-16,1037.5483870967741,1947.0
2016-05-17,1037.5483870967741,1947.0
2016-05-18,1037.5483870967741,1947.0
2016-05-19,1037.5483870967741,1947.0
2016-05-20,1037.5483870967741,1947.0
2016-05-21,1037.5483870967741,1947.0
2016-05-22,1037.5483870967741,1947.0
2016-05-23,1037.5483870967741,1947.0
2016-05-24,1037.5483870967741,1947.0
2016-05-25,1037.5483870967741,1947.0
2016-05-26,1037.5483870967741,1947.0
2016-05-27,1037.5483870967741,1947.0
2016-05-28,1037.5483870967741,1947.0
2016-05-29,1037.5483870967741,1947.0
2016-05-30,1037.5483870967741,1947.0
2016-05-31,1037.5483870967741,1947.0
2016-06-01,1181.6333333333334,2274.4333333333334
2016-06-02,1181.6333333333334,2274.4333333333334
2016-06-03,1181.6333333333334,2274.4333333333334
2016-06-04,1181.6333333333334,2274.4333333333334
2016-06-05,1181.6333333333334,2274.4333333333334
2016-06-06,1181.6333333333334,2274.4333333333334
2016-06-07,1181.6333333333334,2274.4333333333334
2016-06-08,1181.6333333333334,2274.4333333333334
2016-06-09,1181.6333333333334,2274.4333333333334
2016-06-10,1181.6333333333334,2274.4333333333334
2016-06-11,1181.6333333333334,2274.4333333333334
2016-06-12,1181.6333333333334,2274.4333333333334
2016-06-13,1181.6333333333334,2274.4333333333334
2016-06-14,1181.6333333333334,2274.4333333333334
2016-06-15,1181.6333333333334,2274.4333333333334
2016-06-16,1181.6333333333334,2274.4333333333334
2016-06-17,1181.6333333333334,2274.4333333333334
2016-06-18,1181.6333333333334,2274.4333333333334
2016-06-19,1181.6333333333334,2274.4333333333334
2016-06-20,1181.6333333333334,2274.4333333333334
2016-06-21,1181.6333333333334,2274.4333333333334
2016-06-22,1181.6333333333334,2274.4333333333334
2016-06-23,1181.6333333333334,2274.4333333333334
2016-06-24,1181.6333333333334,2274.4333333333334
2016-06-25,1181.6333333333334,2274.4333333333334
2016-06-26,1181.6333333333334,2274.4333333333334
2016-06-27,1181.6333333333334,2274.4333333333334
2016-06-28,1181.6333333333334,2274.4333333333334
2016-06-29,1181.6333333333334,2274.4333333333334
2016-06-30,1181.6333333333334,2274.4333333333334
2016-07-01,1467.4516129032259,2577.1935483870966
2016-07-02,1467.4516129032259,2577.1935483870966
2016-07-03,1467.4516129032259,2577.1935483870966
2016-07-04,1467.4516129032259,2577.1935483870966
2016-07-05,1467.4516129032259,2577.1935483870966
2016-07-06,1467.4516129032259,2577.1935483870966
2016-07-07,1467.4516129032259,2577.1935483870966
2016-07-08,1467.4516129032259,2577.1935483870966
2016-07-09,1467.4516129032259,2577.1935483870966
2016-07-10,1467.4516129032259,2577.1935483870966
2016-07-11,1467.4516129032259,2577.1935483870966
2016-07-12,1467.4516129032259,2577.1935483870966
2016-07-13,1467.4516129032259,2577.1935483870966
2016-07-14,1467.4516129032259,2577.1935483870966
2016-07-15,1467.4516129032259,2577.1935483870966
2016-07-16,1467.4516129032259,2577.1935483870966
2016-07-17,1467.4516129032259,2577.1935483870966
2016-07-18,1467.4516129032259,2577.1935483870966
2016-07-19,1467.4516129032259,2577.1935483870966
2016-07-20,1467.4516129032259,2577.1935483870966
2016-07-21,1467.4516129032259,2577.1935483870966
2016-07-22,1467.4516129032259,2577.1935483870966
2016-07-23,1467.4516129032259,2577.1935483870966
2016-07-24,1467.4516129032259,2577.1935483870966
2016-07-25,1467.4516129032259,2577.1935483870966
2016-07-26,1467.4516129032259,2577.1935483870966
2016-07-27,1467.4516129032259,2577.1935483870966
2016-07-28,1467.4516129032259,2577.1935483870966
2016-07-29,1467.4516129032259,2577.1935483870966
2016-07-30,1467.4516129032259,2577.1935483870966
2016-07-31,1467.4516129032259,2577.1935483870966
2016-08-01,1267.5806451612902,2438.9032258064517
2016-08-02,1267.5806451612902,2438.9032258064517
2016-08-03,1267.5806451612902,2438.9032258064517
2016-08-04,1267.5806451612902,2438.9032258064517
2016-08-05,1267.5806451612902,2438.9032258064517
2016-08-06,1267.5806451612902,2438.9032258064517
2016-08-07,1267.5806451612902,2438.9032258064517
2016-08-08,1267.5806451612902,2438.9032258064517
2016-08-09,1267.5806451612902,2438.9032258064517
2016-08-10,1267.5806451612902,2438.9032258064517
2016-08-11,1267.5806451612902,2438.9032258064517
2016-08-12,1267.5806451612902,2438.9032258064517
2016-08-13,1267.5806451612902,2438.9032258064517
2016-08-14,1267.5806451612902,2438.9032258064517
2016-08-15,1267.5806451612902,2438.9032258064517
2016-08-16,1267.5806451612902,2438.9032258064517
2016-08-17,1267.5806451612902,2438.9032258064517
2016-08-18,1267.5806451612902,2438.9032258064517
2016-08-19,1267.5806451612902,2438.9032258064517
2016-08-20,1267.5806451612902,2438.9032258064517
2016-08-21,1267.5806451612902,2438.9032258064517
2016-08-22,1267.5806451612902,2438.9032258064517
2016-08-23,1267.5806451612902,2438.9032258064517
2016-08-24,1267.5806451612902,2438.9032258064517
2016-08-25,1267.5806451612902,2438.9032258064517
2016-08-26,1267.5806451612902,2438.9032258064517
2016-08-27,1267.5806451612902,2438.9032258064517
2016-08-28,1267.5806451612902,2438.9032258064517
2016-08-29,1267.5806451612902,2438.9032258064517
2016-08-30,1267.5806451612902,2438.9032258064517
2016-08-31,1267.5806451612902,2438.9032258064517
2016-09-01,1139.9333333333334,2161.133333333333
2016-09-02,1139.9333333333334,2161.133333333333
2016-09-03,1139.9333333333334,2161.133333333333
2016-09-04,1139.9333333333334,2161.133333333333
2016-09-05,1139.9333333333334,2161.133333333333
2016-09-06,1139.9333333333334,2161.133333333333
2016-09-07,1139.9333333333334,2161.133333333333
2016-09-08,1139.9333333333334,2161.133333333333
2016-09-09,1139.9333333333334,2161.133333333333
2016-09-10,1139.9333333333334,2161.133333333333
2016-09-11,1139.9333333333334,2161.133333333333
2016-09-12,1139.9333333333334,2161.133333333333
2016-09-13,1139.9333333333334,2161.133333333333
2016-09-14,1139.9333333333334,2161.133333333333
2016-09-15,1139.9333333333334,2161.133333333333
2016-09-16,1139.9333333333334,2161.133333333333
2016-09-17,1139.9333333333334,2161.133333333333
2016-09-18,1139.9333333333334,2161.133333333333
2016-09-19,1139.9333333333334,2161.133333333333
2016-09-20,1139.9333333333334,2161.133333333333
2016-09-21,1139.9333333333334,2161.133333333333
2016-09-22,1139.9333333333334,2161.133333333333
2016-09-23,1139.9333333333334,2161.133333333333
2016-09-24,1139.9333333333334,2161.133333333333
2016-09-25,1139.9333333333334,2161.133333333333
2016-09-26,1139.9333333333334,2161.133333333333
2016-09-27,1139.9333333333334,2161.133333333333
2016-09-28,1139.9333333333334,2161.133333333333
2016-09-29,1139.9333333333334,2161.133333333333
2016-09-30,1139.9333333333334,2161.133333333333
2016-10-01,924.9677419354839,1837.8709677419354
2016-10-02,924.9677419354839,1837.8709677419354
2016-10-03,924.9677419354839,1837.8709677419354
2016-10-04,924.9677419354839,1837.8709677419354
2016-10-05,924.9677419354839,1837.8709677419354
2016-10-06,924.9677419354839,1837.8709677419354
2016-10-07,924.9677419354839,1837.8709677419354
2016-10-08,924.9677419354839,1837.8709677419354
2016-10-09,924.9677419354839,1837.8709677419354
2016-10-10,924.9677419354839,1837.8709677419354
2016-10-11,924.9677419354839,1837.8709677419354
2016-10-12,924.9677419354839,1837.8709677419354
2016-10-13,924.9677419354839,1837.8709677419354
2016-10-14,924.9677419354839,1837.8709677419354
2016-10-15,924.9677419354839,1837.8709677419354
2016-10-16,924.9677419354839,1837.8709677419354
2016-10-17,924.9677419354839,1837.8709677419354
2016-10-18,924.9677419354839,1837.8709677419354
2016-10-19,924.9677419354839,1837.8709677419354
2016-10-20,924.9677419354839,1837.8709677419354
2016-10-21,924.9677419354839,1837.8709677419354
2016-10-22,924.9677419354839,1837.8709677419354
2016-10-23,924.9677419354839,1837.8709677419354
2016-10-24,924.9677419354839,1837.8709677419354
2016-10-25,924.9677419354839,1837.8709677419354
2016-10-26,924.9677419354839,1837.8709677419354
2016-10-27,924.9677419354839,1837.8709677419354
2016-10-28,924.9677419354839,1837.8709677419354
2016-10-29,924.9677419354839,1837.8709677419354
2016-10-30,924.9677419354839,1837.8709677419354
2016-10-31,924.9677419354839,1837.8709677419354
2016-11-01,858.1666666666666,1586.7
2016-11-02,858.1666666666666,1586.7
2016-11-03,858.1666666666666,1586.7
2016-11-04,858.1666666666666,1586.7
2016-11-05,858.1666666666666,1586.7
2016-11-06,858.1666666666666,1586.7
2016-11-07,858.1666666666666,1586.7
2016-11-08,858.1666666666666,1586.7
2016-11-09,858.1666666666666,1586.7
2016-11-10,858.1666666666666,1586.7
2016-11-11,858.1666666666666,1586.7
2016-11-12,858.1666666666666,1586.7
2016-11-13,858.1666666666666,1586.7
2016-11-14,858.1666666666666,1586.7
2016-11-15,858.1666666666666,1586.7
2016-11-16,858.1666666666666,1586.7
2016-11-17,858.1666666666666,1586.7
2016-11-18,858.1666666666666,1586.7
2016-11-19,858.1666666666666,1586.7
2016-11-20,858.1666666666666,1586.7
2016-11-21,858.1666666666666,1586.7
2016-11-22,858.1666666666666,1586.7
2016-11-23,858.1666666666666,1586.7
2016-11-24,858.1666666666666,1586.7
2016-11-25,858.1666666666666,1586.7
2016-11-26,858.1666666666666,1586.7
2016-11-27,858.1666666666666,1586.7
2016-11-28,858.1666666666666,1586.7
2016-11-29,858.1666666666666,1586.7
2016-11-30,858.1666666666666,1586.7
2016-12-01,818.5806451612904,1494.032258064516
2016-12-02,818.5806451612904,1494.032258064516
2016-12-03,818.5806451612904,1494.032258064516
2016-12-04,818.5806451612904,1494.032258064516
2016-12-05,818.5806451612904,1494.032258064516
2016-12-06,818.5806451612904,1494.032258064516
2016-12-07,818.5806451612904,1494.032258064516
2016-12-08,818.5806451612904,1494.032258064516
2016-12-09,818.5806451612904,1494.032258064516
2016-12-10,818.5806451612904,1494.032258064516
2016-12-11,818.5806451612904,1494.032258064516
2016-12-12,818.5806451612904,1494.032258064516
2016-12-13,818.5806451612904,1494.032258064516
2016-12-14,818.5806451612904,1494.032258064516
2016-12-15,818.5806451612904,1494.032258064516
2016-12-16,818.5806451612904,1494.032258064516
2016-12-17,818.5806451612904,1494.032258064516
2016-12-18,818.5806451612904,1494.032258064516
2016-12-19,818.5806451612904,1494.032258064516
2016-12-20,818.5806451612904,1494.032258064516
2016-12-21,818.5806451612904,1494.032258064516
2016-12-22,818.5806451612904,1494.032258064516
2016-12-23,818.5806451612904,1494.032258064516
2016-12-24,818.5806451612904,1494.032258064516
2016-12-25,818.5806451612904,1494.032258064516
2016-12-26,818.5806451612904,1494.032258064516
2016-12-27,818.5806451612904,1494.032258064516
2016-12-28,818.5806451612904,1494.032258064516
2016-12-29,818.5806451612904,1494.032258064516
2016-12-30,818.5806451612904,1494.032258064516
2016-12-31,818.5806451612904,1494.032258064516
2017-01-01,575.3225806451613,1135.225806451613
2017-01-02,575.3225806451613,1135.225806451613
2017-01-03,575.3225806451613,1135.225806451613
2017-01-04,575.3225806451613,1135.225806451613
2017-01-05,575.3225806451613,1135.225806451613
2017-01-06,575.3225806451613,1135.225806451613
2017-01-07,575.3225806451613,1135.225806451613
2017-01-08,575.3225806451613,1135.225806451613
2017-01-09,575.3225806451613,1135.225806451613
2017-01-10,575.3225806451613,1135.225806451613
2017-01-11,575.3225806451613,1135.225806451613
2017-01-12,575.3225806451613,1135.225806451613
2017-01-13,575.3225806451613,1135.225806451613
2017-01-14,575.3225806451613,1135.225806451613
2017-01-15,575.3225806451613,1135.225806451613
2017-01-16,575.3225806451613,1135.225806451613
2017-01-17,575.3225806451613,1135.225806451613
2017-01-18,575.3225806451613,1135.225806451613
2017-01-19,575.3225806451613,1135.225806451613
2017-01-20,575.3225806451613,1135.225806451613
2017-01-21,575.3225806451613,1135.225806451613
2017-01-22,575.3225806451613,1135.225806451613
2017-01-23,575.3225806451613,1135.225806451613
2017-01-24,575.3225806451613,1135.225806451613
2017-01-25,575.3225806451613,1135.225806451613
2017-01-26,575.3225806451613,1135.225806451613
2017-01-27,575.3225806451613,1135.225806451613
2017-01-28,575.3225806451613,1135.225806451613
2017-01-29,575.3225806451613,1135.225806451613
2017-01-30,575.3225806451613,1135.225806451613
2017-01-31,575.3225806451613,1135.225806451613
2017-02-01,739.5714285714286,1442.5714285714287
2017-02-02,739.5714285714286,1442.5714285714287
2017-02-03,739.5714285714286,1442.5714285714287
2017-02-04,739.5714285714286,1442.5714285714287
2017-02-05,739.5714285714286,1442.5714285714287
2017-02-06,739.5714285714286,1442.5714285714287
2017-02-07,739.5714285714286,1442.5714285714287
2017-02-08,739.5714285714286,1442.5714285714287
2017-02-09,739.5714285714286,1442.5714285714287
2017-02-10,739.5714285714286,1442.5714285714287
2017-02-11,739.5714285714286,1442.5714285714287
2017-02-12,739.5714285714286,1442.5714285714287
2017-02-13,739.5714285714286,1442.5714285714287
2017-02-14,739.5714285714286,1442.5714285714287
2017-02-15,739.5714285714286,1442.5714285714287
2017-02-16,739.5714285714286,1442.5714285714287
2017-02-17,739.5714285714286,1442.5714285714287
2017-02-18,739.5714285714286,1442.5714285714287
2017-02-19,739.5714285714286,1442.5714285714287
2017-02-20,739.5714285714286,1442.5714285714287
2017-02-21,739.5714285714286,1442.5714285714287
2017-02-22,739.5714285714286,1442.5714285714287
2017-02-23,739.5714285714286,1442.5714285714287
2017-02-24,739.5714285714286,1442.5714285714287
2017-02-25,739.5714285714286,1442.5714285714287
2017-02-26,739.5714285714286,1442.5714285714287
2017-02-27,739.5714285714286,1442.5714285714287
2017-02-28,739.5714285714286,1442.5714285714287
2017-03-01,799.5483870967741,1757.4516129032259
2017-03-02,799.5483870967741,1757.4516129032259
2017-03-03,799.5483870967741,1757.4516129032259
2017-03-04,799.5483870967741,1757.4516129032259
2017-03-05,799.5483870967741,1757.4516129032259
2017-03-06,799.5483870967741,1757.4516129032259
2017-03-07,799.5483870967741,1757.4516129032259
2017-03-08,799.5483870967741,1757.4516129032259
2017-03-09,799.5483870967741,1757.4516129032259
2017-03-10,799.5483870967741,1757.4516129032259
2017-03-11,799.5483870967741,1757.4516129032259
2017-03-12,799.5483870967741,1757.4516129032259
2017-03-13,799.5483870967741,1757.4516129032259
2017-03-14,799.5483870967741,1757.4516129032259
2017-03-15,799.5483870967741,1757.4516129032259
2017-03-16,799.5483870967741,1757.4516129032259
2017-03-17,799.5483870967741,1757.4516129032259
2017-03-18,799.5483870967741,1757.4516129032259
2017-03-19,799.5483870967741,1757.4516129032259
2017-03-20,799.5483870967741,1757.4516129032259
2017-03-21,799.5483870967741,1757.4516129032259
2017-03-22,799.5483870967741,1757.4516129032259
2017-03-23,799.5483870967741,1757.4516129032259
2017-03-24,799.5483870967741,1757.4516129032259
2017-03-25,799.5483870967741,1757.4516129032259
2017-03-26,799.5483870967741,1757.4516129032259
2017-03-27,799.5483870967741,1757.4516129032259
2017-03-28,799.5483870967741,1757.4516129032259
2017-03-29,799.5483870967741,1757.4516129032259
2017-03-30,799.5483870967741,1757.4516129032259
2017-03-31,799.5483870967741,1757.4516129032259
2017-04-01,864.4,1790.1
2017-04-02,864.4,1790.1
2017-04-03,864.4,1790.1
2017-04-04,864.4,1790.1
2017-04-05,864.4,1790.1
2017-04-06,864.4,1790.1
2017-04-07,864.4,1790.1
2017-04-08,864.4,1790.1
2017-04-09,864.4,1790.1
2017-04-10,864.4,1790.1
2017-04-11,864.4,1790.1
2017-04-12,864.4,1790.1
2017-04-13,864.4,1790.1
2017-04-14,864.4,1790.1
2017-04-15,864.4,1790.1
2017-04-16,864.4,1790.1
2017-04-17,864.4,1790.1
2017-04-18,864.4,1790.1
2017-04-19,864.4,1790.1
2017-04-20,864.4,1790.1
2017-04-21,864.4,1790.1
2017-04-22,864.4,1790.1
2017-04-23,864.4,1790.1
2017-04-24,864.4,1790.1
2017-04-25,864.4,1790.1
2017-04-26,864.4,1790.1
2017-04-27,864.4,1790.1
2017-04-28,864.4,1790.1
2017-04-29,864.4,1790.1
2017-04-30,864.4,1790.1
2017-05-01,1033.3548387096773,2053.2258064516127
2017-05-02,1033.3548387096773,2053.2258064516127
2017-05-03,1033.3548387096773,2053.2258064516127
2017-05-04,1033.3548387096773,2053.2258064516127
2017-05-05,1033.3548387096773,2053.2258064516127
2017-05-06,1033.3548387096773,2053.2258064516127
2017-05-07,1033.3548387096773,2053.2258064516127
2017-05-08,1033.3548387096773,2053.2258064516127
2017-05-09,1033.3548387096773,2053.2258064516127
2017-05-10,1033.3548387096773,2053.2258064516127
2017-05-11,1033.3548387096773,2053.2258064516127
2017-05-12,1033.3548387096773,2053.2258064516127
2017-05-13,1033.3548387096773,2053.2258064516127
2017-05-14,1033.3548387096773,2053.2258064516127
2017-05-15,1033.3548387096773,2053.2258064516127
2017-05-16,1033.3548387096773,2053.2258064516127
2017-05-17,1033.3548387096773,2053.2258064516127
2017-05-18,1033.3548387096773,2053.2258064516127
2017-05-19,1033.3548387096773,2053.2258064516127
2017-05-20,1033.3548387096773,2053.2258064516127
2017-05-21,1033.3548387096773,2053.2258064516127
2017-05-22,1033.3548387096773,2053.2258064516127
2017-05-23,1033.3548387096773,2053.2258064516127
2017-05-24,1033.3548387096773,2053.2258064516127
2017-05-25,1033.3548387096773,2053.2258064516127
2017-05-26,1033.3548387096773,2053.2258064516127
2017-05-27,1033.3548387096773,2053.2258064516127
2017-05-28,1033.3548387096773,2053.2258064516127
2017-05-29,1033.3548387096773,2053.2258064516127
2017-05-30,1033.3548387096773,2053.2258064516127
2017-05-31,1033.3548387096773,2053.2258064516127
2017-06-01,1240.3333333333333,2502.9
2017-06-02,1240.3333333333333,2502.9
2017-06-03,1240.3333333333333,2502.9
2017-06-04,1240.3333333333333,2502.9
2017-06-05,1240.3333333333333,2502.9
2017-06-06,1240.3333333333333,2502.9
2017-06-07,1240.3333333333333,2502.9
2017-06-08,1240.3333333333333,2502.9
2017-06-09,1240.3333333333333,2502.9
2017-06-10,1240.3333333333333,2502.9
2017-06-11,1240.3333333333333,2502.9
2017-06-12,1240.3333333333333,2502.9
2017-06-13,1240.3333333333333,2502.9
2017-06-14,1240.3333333333333,2502.9
2017-06-15,1240.3333333333333,2502.9
2017-06-16,1240.3333333333333,2502.9
2017-06-17,1240.3333333333333,2502.9
2017-06-18,1240.3333333333333,2502.9
2017-06-19,1240.3333333333333,2502.9
2017-06-20,1240.3333333333333,2502.9
2017-06-21,1240.3333333333333,2502.9
2017-06-22,1240.3333333333333,2502.9
2017-06-23,1240.3333333333333,2502.9
2017-06-24,1240.3333333333333,2502.9
2017-06-25,1240.3333333333333,2502.9
2017-06-26,1240.3333333333333,2502.9
2017-06-27,1240.3333333333333,2502.9
2017-06-28,1240.3333333333333,2502.9
2017-06-29,1240.3333333333333,2502.9
2017-06-30,1240.3333333333333,2502.9
2017-07-01,1421.3548387096773,2721.516129032258
2017-07-02,1421.3548387096773,2721.516129032258
2017-07-03,1421.3548387096773,2721.516129032258
2017-07-04,1421.3548387096773,2721.516129032258
2017-07-05,1421.3548387096773,2721.516129032258
2017-07-06,1421.3548387096773,2721.516129032258
2017-07-07,1421.3548387096773,2721.516129032258
2017-07-08,1421.3548387096773,2721.516129032258
2017-07-09,1421.3548387096773,2721.516129032258
2017-07-10,1421.3548387096773,2721.516129032258
2017-07-11,1421.3548387096773,2721.516129032258
2017-07-12,1421.3548387096773,2721.516129032258
2017-07-13,1421.3548387096773,2721.516129032258
2017-07-14,1421.3548387096773,2721.516129032258
2017-07-15,1421.3548387096773,2721.516129032258
2017-07-16,1421.3548387096773,2721.516129032258
2017-07-17,1421.3548387096773,2721.516129032258
2017-07-18,1421.3548387096773,2721.516129032258
2017-07-19,1421.3548387096773,2721.516129032258
2017-07-20,1421.3548387096773,2721.516129032258
2017-07-21,1421.3548387096773,2721.516129032258
2017-07-22,1421.3548387096773,2721.516129032258
2017-07-23,1421.3548387096773,2721.516129032258
2017-07-24,1421.3548387096773,2721.516129032258
2017-07-25,1421.3548387096773,2721.516129032258
2017-07-26,1421.3548387096773,2721.516129032258
2017-07-27,1421.3548387096773,2721.516129032258
2017-07-28,1421.3548387096773,2721.516129032258
2017-07-29,1421.3548387096773,2721.516129032258
2017-07-30,1421.3548387096773,2721.516129032258
2017-07-31,1421.3548387096773,2721.516129032258
2017-08-01,1259.6129032258063,2555.548387096774
2017-08-02,1259.6129032258063,2555.548387096774
2017-08-03,1259.6129032258063,2555.548387096774
2017-08-04,1259.6129032258063,2555.548387096774
2017-08-05,1259.6129032258063,2555.548387096774
2017-08-06,1259.6129032258063,2555.548387096774
2017-08-07,1259.6129032258063,2555.548387096774
2017-08-08,1259.6129032258063,2555.548387096774
2017-08-09,1259.6129032258063,2555.548387096774
2017-08-10,1259.6129032258063,2555.548387096774
2017-08-11,1259.6129032258063,2555.548387096774
2017-08-12,1259.6129032258063,2555.548387096774
2017-08-13,1259.6129032258063,2555.548387096774
2017-08-14,1259.6129032258063,2555.548387096774
2017-08-15,1259.6129032258063,2555.548387096774
2017-08-16,1259.6129032258063,2555.548387096774
2017-08-17,1259.6129032258063,2555.548387096774
2017-08-18,1259.6129032258063,2555.548387096774
2017-08-19,1259.6129032258063,2555.548387096774
2017-08-20,1259.6129032258063,2555.548387096774
2017-08-21,1259.6129032258063,2555.548387096774
2017-08-22,1259.6129032258063,2555.548387096774
2017-08-23,1259.6129032258063,2555.548387096774
2017-08-24,1259.6129032258063,2555.548387096774
2017-08-25,1259.6129032258063,2555.548387096774
2017-08-26,1259.6129032258063,2555.548387096774
2017-08-27,1259.6129032258063,2555.548387096774
2017-08-28,1259.6129032258063,2555.548387096774
2017-08-29,1259.6129032258063,2555.548387096774
2017-08-30,1259.6129032258063,2555.548387096774
2017-08-31,1259.6129032258063,2555.548387096774
2017-09-01,1160.6,2370.633333333333
2017-09-02,1160.6,2370.633333333333
2017-09-03,1160.6,2370.633333333333
2017-09-04,1160.6,2370.633333333333
2017-09-05,1160.6,2370.633333333333
2017-09-06,1160.6,2370.633333333333
2017-09-07,1160.6,2370.633333333333
2017-09-08,1160.6,2370.633333333333
2017-09-09,1160.6,2370.633333333333
2017-09-10,1160.6,2370.633333333333
2017-09-11,1160.6,2370.633333333333
2017-09-12,1160.6,2370.633333333333
2017-09-13,1160.6,2370.633333333333
2017-09-14,1160.6,2370.633333333333
2017-09-15,1160.6,2370.633333333333
2017-09-16,1160.6,2370.633333333333
2017-09-17,1160.6,2370.633333333333
2017-09-18,1160.6,2370.633333333333
2017-09-19,1160.6,2370.633333333333
2017-09-20,1160.6,2370.633333333333
2017-09-21,1160.6,2370.633333333333
2017-09-22,1160.6,2370.633333333333
2017-09-23,1160.6,2370.633333333333
2017-09-24,1160.6,2370.633333333333
2017-09-25,1160.6,2370.633333333333
2017-09-26,1160.6,2370.633333333333
2017-09-27,1160.6,2370.633333333333
2017-09-28,1160.6,2370.633333333333
2017-09-29,1160.6,2370.633333333333
2017-09-30,1160.6,2370.633333333333
2017-10-01,882.0,1913.1612903225807
2017-10-02,882.0,1913.1612903225807
2017-10-03,882.0,1913.1612903225807
2017-10-04,882.0,1913.1612903225807
2017-10-05,882.0,1913.1612903225807
2017-10-06,882.0,1913.1612903225807
2017-10-07,882.0,1913.1612903225807
2017-10-08,882.0,1913.1612903225807
2017-10-09,882.0,1913.1612903225807
2017-10-10,882.0,1913.1612903225807
2017-10-11,882.0,1913.1612903225807
2017-10-12,882.0,1913.1612903225807
2017-10-13,882.0,1913.1612903225807
2017-10-14,882.0,1913.1612903225807
2017-10-15,882.0,1913.1612903225807
2017-10-16,882.0,1913.1612903225807
2017-10-17,882.0,1913.1612903225807
2017-10-18,882.0,1913.1612903225807
2017-10-19,882.0,1913.1612903225807
2017-10-20,882.0,1913.1612903225807
2017-10-21,882.0,1913.1612903225807
2017-10-22,882.0,1913.1612903225807
2017-10-23,882.0,1913.1612903225807
2017-10-24,882.0,1913.1612903225807
2017-10-25,882.0,1913.1612903225807
2017-10-26,882.0,1913.1612903225807
2017-10-27,882.0,1913.1612903225807
2017-10-28,882.0,1913.1612903225807
2017-10-29,882.0,1913.1612903225807
2017-10-30,882.0,1913.1612903225807
2017-10-31,882.0,1913.1612903225807
2017-11-01,867.3333333333334,1837.4333333333334
2017-11-02,867.3333333333334,1837.4333333333334
2017-11-03,867.3333333333334,1837.4333333333334
2017-11-04,867.3333333333334,1837.4333333333334
2017-11-05,867.3333333333334,1837.4333333333334
2017-11-06,867.3333333333334,1837.4333333333334
2017-11-07,867.3333333333334,1837.4333333333334
2017-11-08,867.3333333333334,1837.4333333333334
2017-11-09,867.3333333333334,1837.4333333333334
2017-11-10,867.3333333333334,1837.4333333333334
2017-11-11,867.3333333333334,1837.4333333333334
2017-11-12,867.3333333333334,1837.4333333333334
2017-11-13,867.3333333333334,1837.4333333333334
2017-11-14,867.3333333333334,1837.4333333333334
2017-11-15,867.3333333333334,1837.4333333333334
2017-11-16,867.3333333333334,1837.4333333333334
2017-11-17,867.3333333333334,1837.4333333333334
2017-11-18,867.3333333333334,1837.4333333333334
2017-11-19,867.3333333333334,1837.4333333333334
2017-11-20,867.3333333333334,1837.4333333333334
2017-11-21,867.3333333333334,1837.4333333333334
2017-11-22,867.3333333333334,1837.4333333333334
2017-11-23,867.3333333333334,1837.4333333333334
2017-11-24,867.3333333333334,1837.4333333333334
2017-11-25,867.3333333333334,1837.4333333333334
2017-11-26,867.3333333333334,1837.4333333333334
2017-11-27,867.3333333333334,1837.4333333333334
2017-11-28,867.3333333333334,1837.4333333333334
2017-11-29,867.3333333333334,1837.4333333333334
2017-11-30,867.3333333333334,1837.4333333333334
2017-12-01,886.1612903225806,1744.6129032258063
2017-12-02,886.1612903225806,1744.6129032258063
2017-12-03,886.1612903225806,1744.6129032258063
2017-12-04,886.1612903225806,1744.6129032258063
2017-12-05,886.1612903225806,1744.6129032258063
2017-12-06,886.1612903225806,1744.6129032258063
2017-12-07,886.1612903225806,1744.6129032258063
2017-12-08,886.1612903225806,1744.6129032258063
2017-12-09,886.1612903225806,1744.6129032258063
2017-12-10,886.1612903225806,1744.6129032258063
2017-12-11,886.1612903225806,1744.6129032258063
2017-12-12,886.1612903225806,1744.6129032258063
2017-12-13,886.1612903225806,1744.6129032258063
2017-12-14,886.1612903225806,1744.6129032258063
2017-12-15,886.1612903225806,1744.6129032258063
2017-12-16,886.1612903225806,1744.6129032258063
2017-12-17,886.1612903225806,1744.6129032258063
2017-12-18,886.1612903225806,1744.6129032258063
2017-12-19,886.1612903225806,1744.6129032258063
2017-12-20,886.1612903225806,1744.6129032258063
2017-12-21,886.1612903225806,1744.6129032258063
2017-12-22,886.1612903225806,1744.6129032258063
2017-12-23,886.1612903225806,1744.6129032258063
2017-12-24,886.1612903225806,1744.6129032258063
2017-12-25,886.1612903225806,1744.6129032258063
2017-12-26,886.1612903225806,1744.6129032258063
2017-12-27,886.1612903225806,1744.6129032258063
2017-12-28,886.1612903225806,1744.6129032258063
2017-12-29,886.1612903225806,1744.6129032258063
2017-12-30,886.1612903225806,1744.6129032258063
2017-12-31,886.1612903225806,1744.6129032258063
2018-01-01,619.9677419354839,1384.967741935484
2018-01-02,619.9677419354839,1384.967741935484
2018-01-03,619.9677419354839,1384.967741935484
2018-01-04,619.9677419354839,1384.967741935484
2018-01-05,619.9677419354839,1384.967741935484
2018-01-06,619.9677419354839,1384.967741935484
2018-01-07,619.9677419354839,1384.967741935484
2018-01-08,619.9677419354839,1384.967741935484
2018-01-09,619.9677419354839,1384.967741935484
2018-01-10,619.9677419354839,1384.967741935484
2018-01-11,619.9677419354839,1384.967741935484
2018-01-12,619.9677419354839,1384.967741935484
2018-01-13,619.9677419354839,1384.967741935484
2018-01-14,619.9677419354839,1384.967741935484
2018-01-15,619.9677419354839,1384.967741935484
2018-01-16,619.9677419354839,1384.967741935484
2018-01-17,619.9677419354839,1384.967741935484
2018-01-18,619.9677419354839,1384.967741935484
2018-01-19,619.9677419354839,1384.967741935484
2018-01-20,619.9677419354839,1384.967741935484
2018-01-21,619.9677419354839,1384.967741935484
2018-01-22,619.9677419354839,1384.967741935484
2018-01-23,619.9677419354839,1384.967741935484
2018-01-24,619.9677419354839,1384.967741935484
2018-01-25,619.9677419354839,1384.967741935484
2018-01-26,619.9677419354839,1384.967741935484
2018-01-27,619.9677419354839,1384.967741935484
2018-01-28,619.9677419354839,1384.967741935484
2018-01-29,619.9677419354839,1384.967741935484
2018-01-30,619.9677419354839,1384.967741935484
2018-01-31,619.9677419354839,1384.967741935484
2018-02-01,815.8571428571429,1751.392857142857
2018-02-02,815.8571428571429,1751.392857142857
2018-02-03,815.8571428571429,1751.392857142857
2018-02-04,815.8571428571429,1751.392857142857
2018-02-05,815.8571428571429,1751.392857142857
2018-02-06,815.8571428571429,1751.392857142857
2018-02-07,815.8571428571429,1751.392857142857
2018-02-08,815.8571428571429,1751.392857142857
2018-02-09,815.8571428571429,1751.392857142857
2018-02-10,815.8571428571429,1751.392857142857
2018-02-11,815.8571428571429,1751.392857142857
2018-02-12,815.8571428571429,1751.392857142857
2018-02-13,815.8571428571429,1751.392857142857
2018-02-14,815.8571428571429,1751.392857142857
2018-02-15,815.8571428571429,1751.392857142857
2018-02-16,815.8571428571429,1751.392857142857
2018-02-17,815.8571428571429,1751.392857142857
2018-02-18,815.8571428571429,1751.392857142857
2018-02-19,815.8571428571429,1751.392857142857
2018-02-20,815.8571428571429,1751.392857142857
2018-02-21,815.8571428571429,1751.392857142857
2018-02-22,815.8571428571429,1751.392857142857
2018-02-23,815.8571428571429,1751.392857142857
2018-02-24,815.8571428571429,1751.392857142857
2018-02-25,815.8571428571429,1751.392857142857
2018-02-26,815.8571428571429,1751.392857142857
2018-02-27,815.8571428571429,1751.392857142857
2018-02-28,815.8571428571429,1751.392857142857
2018-03-01,839.258064516129,1813.8064516129032
2018-03-02,839.258064516129,1813.8064516129032
2018-03-03,839.258064516129,1813.8064516129032
2018-03-04,839.258064516129,1813.8064516129032
2018-03-05,839.258064516129,1813.8064516129032
2018-03-06,839.258064516129,1813.8064516129032
2018-03-07,839.258064516129,1813.8064516129032
2018-03-08,839.258064516129,1813.8064516129032
2018-03-09,839.258064516129,1813.8064516129032
2018-03-10,839.258064516129,1813.8064516129032
2018-03-11,839.258064516129,1813.8064516129032
2018-03-12,839.258064516129,1813.8064516129032
2018-03-13,839.258064516129,1813.8064516129032
2018-03-14,839.258064516129,1813.8064516129032
2018-03-15,839.258064516129,1813.8064516129032
2018-03-16,839.258064516129,1813.8064516129032
2018-03-17,839.258064516129,1813.8064516129032
2018-03-18,839.258064516129,1813.8064516129032
2018-03-19,839.258064516129,1813.8064516129032
2018-03-20,839.258064516129,1813.8064516129032
2018-03-21,839.258064516129,1813.8064516129032
2018-03-22,839.258064516129,1813.8064516129032
2018-03-23,839.258064516129,1813.8064516129032
2018-03-24,839.258064516129,1813.8064516129032
2018-03-25,839.258064516129,1813.8064516129032
2018-03-26,839.258064516129,1813.8064516129032
2018-03-27,839.258064516129,1813.8064516129032
2018-03-28,839.258064516129,1813.8064516129032
2018-03-29,839.258064516129,1813.8064516129032
2018-03-30,839.258064516129,1813.8064516129032
2018-03-31,839.258064516129,1813.8064516129032
2018-04-01,889.2333333333333,1900.6333333333334
2018-04-02,889.2333333333333,1900.6333333333334
2018-04-03,889.2333333333333,1900.6333333333334
2018-04-04,889.2333333333333,1900.6333333333334
2018-04-05,889.2333333333333,1900.6333333333334
2018-04-06,889.2333333333333,1900.6333333333334
2018-04-07,889.2333333333333,1900.6333333333334
2018-04-08,889.2333333333333,1900.6333333333334
2018-04-09,889.2333333333333,1900.6333333333334
2018-04-10,889.2333333333333,1900.6333333333334
2018-04-11,889.2333333333333,1900.6333333333334
2018-04-12,889.2333333333333,1900.6333333333334
2018-04-13,889.2333333333333,1900.6333333333334
2018-04-14,889.2333333333333,1900.6333333333334
2018-04-15,889.2333333333333,1900.6333333333334
2018-04-16,889.2333333333333,1900.6333333333334
2018-04-17,889.2333333333333,1900.6333333333334
2018-04-18,889.2333333333333,1900.6333333333334
2018-04-19,889.2333333333333,1900.6333333333334
2018-04-20,889.2333333333333,1900.6333333333334
2018-04-21,889.2333333333333,1900.6333333333334
2018-04-22,889.2333333333333,1900.6333333333334
2018-04-23,889.2333333333333,1900.6333333333334
2018-04-24,889.2333333333333,1900.6333333333334
2018-04-25,889.2333333333333,1900.6333333333334
2018-04-26,889.2333333333333,1900.6333333333334
2018-04-27,889.2333333333333,1900.6333333333334
2018-04-28,889.2333333333333,1900.6333333333334
2018-04-29,889.2333333333333,1900.6333333333334
2018-04-30,889.2333333333333,1900.6333333333334
2018-05-01,1209.3225806451612,2572.6451612903224
2018-05-02,1209.3225806451612,2572.6451612903224
2018-05-03,1209.3225806451612,2572.6451612903224
2018-05-04,1209.3225806451612,2572.6451612903224
2018-05-05,1209.3225806451612,2572.6451612903224
2018-05-06,1209.3225806451612,2572.6451612903224
2018-05-07,1209.3225806451612,2572.6451612903224
2018-05-08,1209.3225806451612,2572.6451612903224
2018-05-09,1209.3225806451612,2572.6451612903224
2018-05-10,1209.3225806451612,2572.6451612903224
2018-05-11,1209.3225806451612,2572.6451612903224
2018-05-12,1209.3225806451612,2572.6451612903224
2018-05-13,1209.3225806451612,2572.6451612903224
2018-05-14,1209.3225806451612,2572.6451612903224
2018-05-15,1209.3225806451612,2572.6451612903224
2018-05-16,1209.3225806451612,2572.6451612903224
2018-05-17,1209.3225806451612,2572.6451612903224
2018-05-18,1209.3225806451612,2572.6451612903224
2018-05-19,1209.3225806451612,2572.6451612903224
2018-05-20,1209.3225806451612,2572.6451612903224
2018-05-21,1209.3225806451612,2572.6451612903224
2018-05-22,1209.3225806451612,2572.6451612903224
2018-05-23,1209.3225806451612,2572.6451612903224
2018-05-24,1209.3225806451612,2572.6451612903224
2018-05-25,1209.3225806451612,2572.6451612903224
2018-05-26,1209.3225806451612,2572.6451612903224
2018-05-27,1209.3225806451612,2572.6451612903224
2018-05-28,1209.3225806451612,2572.6451612903224
2018-05-29,1209.3225806451612,2572.6451612903224
2018-05-30,1209.3225806451612,2572.6451612903224
2018-05-31,1209.3225806451612,2572.6451612903224
2018-06-01,1388.8,2799.133333333333
2018-06-02,1388.8,2799.133333333333
2018-06-03,1388.8,2799.133333333333
2018-06-04,1388.8,2799.133333333333
2018-06-05,1388.8,2799.133333333333
2018-06-06,1388.8,2799.133333333333
2018-06-07,1388.8,2799.133333333333
2018-06-08,1388.8,2799.133333333333
2018-06-09,1388.8,2799.133333333333
2018-06-10,1388.8,2799.133333333333
2018-06-11,1388.8,2799.133333333333
2018-06-12,1388.8,2799.133333333333
2018-06-13,1388.8,2799.133333333333
2018-06-14,1388.8,2799.133333333333
2018-06-15,1388.8,2799.133333333333
2018-06-16,1388.8,2799.133333333333
2018-06-17,1388.8,2799.133333333333
2018-06-18,1388.8,2799.133333333333
2018-06-19,1388.8,2799.133333333333
2018-06-20,1388.8,2799.133333333333
2018-06-21,1388.8,2799.133333333333
2018-06-22,1388.8,2799.133333333333
2018-06-23,1388.8,2799.133333333333
2018-06-24,1388.8,2799.133333333333
2018-06-25,1388.8,2799.133333333333
2018-06-26,1388.8,2799.133333333333
2018-06-27,1388.8,2799.133333333333
2018-06-28,1388.8,2799.133333333333
2018-06-29,1388.8,2799.133333333333
2018-06-30,1388.8,2799.133333333333
2018-07-01,1499.6129032258063,2869.1935483870966
2018-07-02,1499.6129032258063,2869.1935483870966
2018-07-03,1499.6129032258063,2869.1935483870966
2018-07-04,1499.6129032258063,2869.1935483870966
2018-07-05,1499.6129032258063,2869.1935483870966
2018-07-06,1499.6129032258063,2869.1935483870966
2018-07-07,1499.6129032258063,2869.1935483870966
2018-07-08,1499.6129032258063,2869.1935483870966
2018-07-09,1499.6129032258063,2869.1935483870966
2018-07-10,1499.6129032258063,2869.1935483870966
2018-07-11,1499.6129032258063,2869.1935483870966
2018-07-12,1499.6129032258063,2869.1935483870966
2018-07-13,1499.6129032258063,2869.1935483870966
2018-07-14,1499.6129032258063,2869.1935483870966
2018-07-15,1499.6129032258063,2869.1935483870966
2018-07-16,1499.6129032258063,2869.1935483870966
2018-07-17,1499.6129032258063,2869.1935483870966
2018-07-18,1499.6129032258063,2869.1935483870966
2018-07-19,1499.6129032258063,2869.1935483870966
2018-07-20,1499.6129032258063,2869.1935483870966
2018-07-21,1499.6129032258063,2869.1935483870966
2018-07-22,1499.6129032258063,2869.1935483870966
2018-07-23,1499.6129032258063,2869.1935483870966
2018-07-24,1499.6129032258063,2869.1935483870966
2018-07-25,1499.6129032258063,2869.1935483870966
2018-07-26,1499.6129032258063,2869.1935483870966
2018-07-27,1499.6129032258063,2869.1935483870966
2018-07-28,1499.6129032258063,2869.1935483870966
2018-07-29,1499.6129032258063,2869.1935483870966
2018-07-30,1499.6129032258063,2869.1935483870966
2018-07-31,1499.6129032258063,2869.1935483870966
2018-08-01,1395.741935483871,2761.8387096774195
2018-08-02,1395.741935483871,2761.8387096774195
2018-08-03,1395.741935483871,2761.8387096774195
2018-08-04,1395.741935483871,2761.8387096774195
2018-08-05,1395.741935483871,2761.8387096774195
2018-08-06,1395.741935483871,2761.8387096774195
2018-08-07,1395.741935483871,2761.8387096774195
2018-08-08,1395.741935483871,2761.8387096774195
2018-08-09,1395.741935483871,2761.8387096774195
2018-08-10,1395.741935483871,2761.8387096774195
2018-08-11,1395.741935483871,2761.8387096774195
2018-08-12,1395.741935483871,2761.8387096774195
2018-08-13,1395.741935483871,2761.8387096774195
2018-08-14,1395.741935483871,2761.8387096774195
2018-08-15,1395.741935483871,2761.8387096774195
2018-08-16,1395.741935483871,2761.8387096774195
2018-08-17,1395.741935483871,2761.8387096774195
2018-08-18,1395.741935483871,2761.8387096774195
2018-08-19,1395.741935483871,2761.8387096774195
2018-08-20,1395.741935483871,2761.8387096774195
2018-08-21,1395.741935483871,2761.8387096774195
2018-08-22,1395.741935483871,2761.8387096774195
2018-08-23,1395.741935483871,2761.8387096774195
2018-08-24,1395.741935483871,2761.8387096774195
2018-08-25,1395.741935483871,2761.8387096774195
2018-08-26,1395.741935483871,2761.8387096774195
2018-08-27,1395.741935483871,2761.8387096774195
2018-08-28,1395.741935483871,2761.8387096774195
2018-08-29,1395.741935483871,2761.8387096774195
2018-08-30,1395.741935483871,2761.8387096774195
2018-08-31,1395.741935483871,2761.8387096774195
2018-09-01,1186.8333333333333,2552.4
2018-09-02,1186.8333333333333,2552.4
2018-09-03,1186.8333333333333,2552.4
2018-09-04,1186.8333333333333,2552.4
2018-09-05,1186.8333333333333,2552.4
2018-09-06,1186.8333333333333,2552.4
2018-09-07,1186.8333333333333,2552.4
2018-09-08,1186.8333333333333,2552.4
2018-09-09,1186.8333333333333,2552.4
2018-09-10,1186.8333333333333,2552.4
2018-09-11,1186.8333333333333,2552.4
2018-09-12,1186.8333333333333,2552.4
2018-09-13,1186.8333333333333,2552.4
2018-09-14,1186.8333333333333,2552.4
2018-09-15,1186.8333333333333,2552.4
2018-09-16,1186.8333333333333,2552.4
2018-09-17,1186.8333333333333,2552.4
2018-09-18,1186.8333333333333,2552.4
2018-09-19,1186.8333333333333,2552.4
2018-09-20,1186.8333333333333,2552.4
2018-09-21,1186.8333333333333,2552.4
2018-09-22,1186.8333333333333,2552.4
2018-09-23,1186.8333333333333,2552.4
2018-09-24,1186.8333333333333,2552.4
2018-09-25,1186.8333333333333,2552.4
2018-09-26,1186.8333333333333,2552.4
2018-09-27,1186.8333333333333,2552.4
2018-09-28,1186.8333333333333,2552.4
2018-09-29,1186.8333333333333,2552.4
2018-09-30,1186.8333333333333,2552.4
2018-10-01,967.9032258064516,2117.9032258064517
2018-10-02,967.9032258064516,2117.9032258064517
2018-10-03,967.9032258064516,2117.9032258064517
2018-10-04,967.9032258064516,2117.9032258064517
2018-10-05,967.9032258064516,2117.9032258064517
2018-10-06,967.9032258064516,2117.9032258064517
2018-10-07,967.9032258064516,2117.9032258064517
2018-10-08,967.9032258064516,2117.9032258064517
2018-10-09,967.9032258064516,2117.9032258064517
2018-10-10,967.9032258064516,2117.9032258064517
2018-10-11,967.9032258064516,2117.9032258064517
2018-10-12,967.9032258064516,2117.9032258064517
2018-10-13,967.9032258064516,2117.9032258064517
2018-10-14,967.9032258064516,2117.9032258064517
2018-10-15,967.9032258064516,2117.9032258064517
2018-10-16,967.9032258064516,2117.9032258064517
2018-10-17,967.9032258064516,2117.9032258064517
2018-10-18,967.9032258064516,2117.9032258064517
2018-10-19,967.9032258064516,2117.9032258064517
2018-10-20,967.9032258064516,2117.9032258064517
2018-10-21,967.9032258064516,2117.9032258064517
2018-10-22,967.9032258064516,2117.9032258064517
2018-10-23,967.9032258064516,2117.9032258064517
2018-10-24,967.9032258064516,2117.9032258064517
2018-10-25,967.9032258064516,2117.9032258064517
2018-10-26,967.9032258064516,2117.9032258064517
2018-10-27,967.9032258064516,2117.9032258064517
2018-10-28,967.9032258064516,2117.9032258064517
2018-10-29,967.9032258064516,2117.9032258064517
2018-10-30,967.9032258064516,2117.9032258064517
2018-10-31,967.9032258064516,2117.9032258064517
2018-11-01,940.0666666666667,1994.1
2018-11-02,940.0666666666667,1994.1
2018-11-03,940.0666666666667,1994.1
2018-11-04,940.0666666666667,1994.1
2018-11-05,940.0666666666667,1994.1
2018-11-06,940.0666666666667,1994.1
2018-11-07,940.0666666666667,1994.1
2018-11-08,940.0666666666667,1994.1
2018-11-09,940.0666666666667,1994.1
2018-11-10,940.0666666666667,1994.1
2018-11-11,940.0666666666667,1994.1
2018-11-12,940.0666666666667,1994.1
2018-11-13,940.0666666666667,1994.1
2018-11-14,940.0666666666667,1994.1
2018-11-15,940.0666666666667,1994.1
2018-11-16,940.0666666666667,1994.1
2018-11-17,940.0666666666667,1994.1
2018-11-18,940.0666666666667,1994.1
2018-11-19,940.0666666666667,1994.1
2018-11-20,940.0666666666667,1994.1
2018-11-21,940.0666666666667,1994.1
2018-11-22,940.0666666666667,1994.1
2018-11-23,940.0666666666667,1994.1
2018-11-24,940.0666666666667,1994.1
2018-11-25,940.0666666666667,1994.1
2018-11-26,940.0666666666667,1994.1
2018-11-27,940.0666666666667,1994.1
2018-11-28,940.0666666666667,1994.1
2018-11-29,940.0666666666667,1994.1
2018-11-30,940.0666666666667,1994.1
2018-12-01,912.8064516129032,1930.0
2018-12-02,912.8064516129032,1930.0
2018-12-03,912.8064516129032,1930.0
2018-12-04,912.8064516129032,1930.0
2018-12-05,912.8064516129032,1930.0
2018-12-06,912.8064516129032,1930.0
2018-12-07,912.8064516129032,1930.0
2018-12-08,912.8064516129032,1930.0
2018-12-09,912.8064516129032,1930.0
2018-12-10,912.8064516129032,1930.0
2018-12-11,912.8064516129032,1930.0
2018-12-12,912.8064516129032,1930.0
2018-12-13,912.8064516129032,1930.0
2018-12-14,912.8064516129032,1930.0
2018-12-15,912.8064516129032,1930.0
2018-12-16,912.8064516129032,1930.0
2018-12-17,912.8064516129032,1930.0
2018-12-18,912.8064516129032,1930.0
2018-12-19,912.8064516129032,1930.0
2018-12-20,912.8064516129032,1930.0
2018-12-21,912.8064516129032,1930.0
2018-12-22,912.8064516129032,1930.0
2018-12-23,912.8064516129032,1930.0
2018-12-24,912.8064516129032,1930.0
2018-12-25,912.8064516129032,1930.0
2018-12-26,912.8064516129032,1930.0
2018-12-27,912.8064516129032,1930.0
2018-12-28,912.8064516129032,1930.0
2018-12-29,912.8064516129032,1930.0
2018-12-30,912.8064516129032,1930.0
2018-12-31,912.8064516129032,1930.0
2019-01-01,667.0322580645161,1533.0645161290322
2019-01-02,667.0322580645161,1533.0645161290322
2019-01-03,667.0322580645161,1533.0645161290322
2019-01-04,667.0322580645161,1533.0645161290322
2019-01-05,667.0322580645161,1533.0645161290322
2019-01-06,667.0322580645161,1533.0645161290322
2019-01-07,667.0322580645161,1533.0645161290322
2019-01-08,667.0322580645161,1533.0645161290322
2019-01-09,667.0322580645161,1533.0645161290322
2019-01-10,667.0322580645161,1533.0645161290322
2019-01-11,667.0322580645161,1533.0645161290322
2019-01-12,667.0322580645161,1533.0645161290322
2019-01-13,667.0322580645161,1533.0645161290322
2019-01-14,667.0322580645161,1533.0645161290322
2019-01-15,667.0322580645161,1533.0645161290322
2019-01-16,667.0322580645161,1533.0645161290322
2019-01-17,667.0322580645161,1533.0645161290322
2019-01-18,667.0322580645161,1533.0645161290322
2019-01-19,667.0322580645161,1533.0645161290322
2019-01-20,667.0322580645161,1533.0645161290322
2019-01-21,667.0322580645161,1533.0645161290322
2019-01-22,667.0322580645161,1533.0645161290322
2019-01-23,667.0322580645161,1533.0645161290322
2019-01-24,667.0322580645161,1533.0645161290322
2019-01-25,667.0322580645161,1533.0645161290322
2019-01-26,667.0322580645161,1533.0645161290322
2019-01-27,667.0322580645161,1533.0645161290322
2019-01-28,667.0322580645161,1533.0645161290322
2019-01-29,667.0322580645161,1533.0645161290322
2019-01-30,667.0322580645161,1533.0645161290322
2019-01-31,667.0322580645161,1533.0645161290322
2019-02-01,872.0,1917.392857142857
2019-02-02,872.0,1917.392857142857
2019-02-03,872.0,1917.392857142857
2019-02-04,872.0,1917.392857142857
2019-02-05,872.0,1917.392857142857
2019-02-06,872.0,1917.392857142857
2019-02-07,872.0,1917.392857142857
2019-02-08,872.0,1917.392857142857
2019-02-09,872.0,1917.392857142857
2019-02-10,872.0,1917.392857142857
2019-02-11,872.0,1917.392857142857
2019-02-12,872.0,1917.392857142857
2019-02-13,872.0,1917.392857142857
2019-02-14,872.0,1917.392857142857
2019-02-15,872.0,1917.392857142857
2019-02-16,872.0,1917.392857142857
2019-02-17,872.0,1917.392857142857
2019-02-18,872.0,1917.392857142857
2019-02-19,872.0,1917.392857142857
2019-02-20,872.0,1917.392857142857
2019-02-21,872.0,1917.392857142857
2019-02-22,872.0,1917.392857142857
2019-02-23,872.0,1917.392857142857
2019-02-24,872.0,1917.392857142857
2019-02-25,872.0,1917.392857142857
2019-02-26,872.0,1917.392857142857
2019-02-27,872.0,1917.392857142857
2019-02-28,872.0,1917.392857142857
2019-03-01,892.3870967741935,1987.3548387096773
2019-03-02,892.3870967741935,1987.3548387096773
2019-03-03,892.3870967741935,1987.3548387096773
2019-03-04,892.3870967741935,1987.3548387096773
2019-03-05,892.3870967741935,1987.3548387096773
2019-03-06,892.3870967741935,1987.3548387096773
2019-03-07,892.3870967741935,1987.3548387096773
2019-03-08,892.3870967741935,1987.3548387096773
2019-03-09,892.3870967741935,1987.3548387096773
2019-03-10,892.3870967741935,1987.3548387096773
2019-03-11,892.3870967741935,1987.3548387096773
2019-03-12,892.3870967741935,1987.3548387096773
2019-03-13,892.3870967741935,1987.3548387096773
2019-03-14,892.3870967741935,1987.3548387096773
2019-03-15,892.3870967741935,1987.3548387096773
2019-03-16,892.3870967741935,1987.3548387096773
2019-03-17,892.3870967741935,1987.3548387096773
2019-03-18,892.3870967741935,1987.3548387096773
2019-03-19,892.3870967741935,1987.3548387096773
2019-03-20,892.3870967741935,1987.3548387096773
2019-03-21,892.3870967741935,1987.3548387096773
2019-03-22,892.3870967741935,1987.3548387096773
2019-03-23,892.3870967741935,1987.3548387096773
2019-03-24,892.3870967741935,1987.3548387096773
2019-03-25,892.3870967741935,1987.3548387096773
2019-03-26,892.3870967741935,1987.3548387096773
2019-03-27,892.3870967741935,1987.3548387096773
2019-03-28,892.3870967741935,1987.3548387096773
2019-03-29,892.3870967741935,1987.3548387096773
2019-03-30,892.3870967741935,1987.3548387096773
2019-03-31,892.3870967741935,1987.3548387096773
2019-04-01,953.2,2043.2
2019-04-02,953.2,2043.2
2019-04-03,953.2,2043.2
2019-04-04,953.2,2043.2
2019-04-05,953.2,2043.2
2019-04-06,953.2,2043.2
2019-04-07,953.2,2043.2
2019-04-08,953.2,2043.2
2019-04-09,953.2,2043.2
2019-04-10,953.2,2043.2
2019-04-11,953.2,2043.2
2019-04-12,953.2,2043.2
2019-04-13,953.2,2043.2
2019-04-14,953.2,2043.2
2019-04-15,953.2,2043.2
2019-04-16,953.2,2043.2
2019-04-17,953.2,2043.2
2019-04-18,953.2,2043.2
2019-04-19,953.2,2043.2
2019-04-20,953.2,2043.2
2019-04-21,953.2,2043.2
2019-04-22,953.2,2043.2
2019-04-23,953.2,2043.2
2019-04-24,953.2,2043.2
2019-04-25,953.2,2043.2
2019-04-26,953.2,2043.2
2019-04-27,953.2,2043.2
2019-04-28,953.2,2043.2
2019-04-29,953.2,2043.2
2019-04-30,953.2,2043.2
2019-05-01,1321.4516129032259,2648.3225806451615
2019-05-02,1321.4516129032259,2648.3225806451615
2019-05-03,1321.4516129032259,2648.3225806451615
2019-05-04,1321.4516129032259,2648.3225806451615
2019-05-05,1321.4516129032259,2648.3225806451615
2019-05-06,1321.4516129032259,2648.3225806451615
2019-05-07,1321.4516129032259,2648.3225806451615
2019-05-08,1321.4516129032259,2648.3225806451615
2019-05-09,1321.4516129032259,2648.3225806451615
2019-05-10,1321.4516129032259,2648.3225806451615
2019-05-11,1321.4516129032259,2648.3225806451615
2019-05-12,1321.4516129032259,2648.3225806451615
2019-05-13,1321.4516129032259,2648.3225806451615
2019-05-14,1321.4516129032259,2648.3225806451615
2019-05-15,1321.4516129032259,2648.3225806451615
2019-05-16,1321.4516129032259,2648.3225806451615
2019-05-17,1321.4516129032259,2648.3225806451615
2019-05-18,1321.4516129032259,2648.3225806451615
2019-05-19,1321.4516129032259,2648.3225806451615
2019-05-20,1321.4516129032259,2648.3225806451615
2019-05-21,1321.4516129032259,2648.3225806451615
2019-05-22,1321.4516129032259,2648.3225806451615
2019-05-23,1321.4516129032259,2648.3225806451615
2019-05-24,1321.4516129032259,2648.3225806451615
2019-05-25,1321.4516129032259,2648.3225806451615
2019-05-26,1321.4516129032259,2648.3225806451615
2019-05-27,1321.4516129032259,2648.3225806451615
2019-05-28,1321.4516129032259,2648.3225806451615
2019-05-29,1321.4516129032259,2648.3225806451615
2019-05-30,1321.4516129032259,2648.3225806451615
2019-05-31,1321.4516129032259,2648.3225806451615
2019-06-01,1526.6,3053.0
2019-06-02,1526.6,3053.0
2019-06-03,1526.6,3053.0
2019-06-04,1526.6,3053.0
2019-06-05,1526.6,3053.0
2019-06-06,1526.6,3053.0
2019-06-07,1526.6,3053.0
2019-06-08,1526.6,3053.0
2019-06-09,1526.6,3053.0
2019-06-10,1526.6,3053.0
2019-06-11,1526.6,3053.0
2019-06-12,1526.6,3053.0
2019-06-13,1526.6,3053.0
2019-06-14,1526.6,3053.0
2019-06-15,1526.6,3053.0
2019-06-16,1526.6,3053.0
2019-06-17,1526.6,3053.0
2019-06-18,1526.6,3053.0
2019-06-19,1526.6,3053.0
2019-06-20,1526.6,3053.0
2019-06-21,1526.6,3053.0
2019-06-22,1526.6,3053.0
2019-06-23,1526.6,3053.0
2019-06-24,1526.6,3053.0
2019-06-25,1526.6,3053.0
2019-06-26,1526.6,3053.0
2019-06-27,1526.6,3053.0
2019-06-28,1526.6,3053.0
2019-06-29,1526.6,3053.0
2019-06-30,1526.6,3053.0
2019-07-01,1604.5483870967741,3134.7419354838707
2019-07-02,1604.5483870967741,3134.7419354838707
2019-07-03,1604.5483870967741,3134.7419354838707
2019-07-04,1604.5483870967741,3134.7419354838707
2019-07-05,1604.5483870967741,3134.7419354838707
2019-07-06,1604.5483870967741,3134.7419354838707
2019-07-07,1604.5483870967741,3134.7419354838707
2019-07-08,1604.5483870967741,3134.7419354838707
2019-07-09,1604.5483870967741,3134.7419354838707
2019-07-10,1604.5483870967741,3134.7419354838707
2019-07-11,1604.5483870967741,3134.7419354838707
2019-07-12,1604.5483870967741,3134.7419354838707
2019-07-13,1604.5483870967741,3134.7419354838707
2019-07-14,1604.5483870967741,3134.7419354838707
2019-07-15,1604.5483870967741,3134.7419354838707
2019-07-16,1604.5483870967741,3134.7419354838707
2019-07-17,1604.5483870967741,3134.7419354838707
2019-07-18,1604.5483870967741,3134.7419354838707
2019-07-19,1604.5483870967741,3134.7419354838707
2019-07-20,1604.5483870967741,3134.7419354838707
2019-07-21,1604.5483870967741,3134.7419354838707
2019-07-22,1604.5483870967741,3134.7419354838707
2019-07-23,1604.5483870967741,3134.7419354838707
2019-07-24,1604.5483870967741,3134.7419354838707
2019-07-25,1604.5483870967741,3134.7419354838707
2019-07-26,1604.5483870967741,3134.7419354838707
2019-07-27,1604.5483870967741,3134.7419354838707
2019-07-28,1604.5483870967741,3134.7419354838707
2019-07-29,1604.5483870967741,3134.7419354838707
2019-07-30,1604.5483870967741,3134.7419354838707
2019-07-31,1604.5483870967741,3134.7419354838707
