Datum,uebernachtungen
2013-04-30,1252.8011049723757
2013-05-01,2068.358695652174
2013-05-02,2068.358695652174
2013-05-03,2068.358695652174
2013-05-04,2068.358695652174
2013-05-05,2068.358695652174
2013-05-06,2068.358695652174
2013-05-07,2068.358695652174
2013-05-08,2068.358695652174
2013-05-09,2068.358695652174
2013-05-10,2068.358695652174
2013-05-11,2068.358695652174
2013-05-12,2068.358695652174
2013-05-13,2068.358695652174
2013-05-14,2068.358695652174
2013-05-15,2068.358695652174
2013-05-16,2068.358695652174
2013-05-17,2068.358695652174
2013-05-18,2068.358695652174
2013-05-19,2068.358695652174
2013-05-20,2068.358695652174
2013-05-21,2068.358695652174
2013-05-22,2068.358695652174
2013-05-23,2068.358695652174
2013-05-24,2068.358695652174
2013-05-25,2068.358695652174
2013-05-26,2068.358695652174
2013-05-27,2068.358695652174
2013-05-28,2068.358695652174
2013-05-29,2068.358695652174
2013-05-30,2068.358695652174
2013-05-31,2068.358695652174
2013-06-01,2068.358695652174
2013-06-02,2068.358695652174
2013-06-03,2068.358695652174
2013-06-04,2068.358695652174
2013-06-05,2068.358695652174
2013-06-06,2068.358695652174
2013-06-07,2068.358695652174
2013-06-08,2068.358695652174
2013-06-09,2068.358695652174
2013-06-10,2068.358695652174
2013-06-11,2068.358695652174
2013-06-12,2068.358695652174
2013-06-13,2068.358695652174
2013-06-14,2068.358695652174
2013-06-15,2068.358695652174
2013-06-16,2068.358695652174
2013-06-17,2068.358695652174
2013-06-18,2068.358695652174
2013-06-19,2068.358695652174
2013-06-20,2068.358695652174
2013-06-21,2068.358695652174
2013-06-22,2068.358695652174
2013-06-23,2068.358695652174
2013-06-24,2068.358695652174
2013-06-25,2068.358695652174
2013-06-26,2068.358695652174
2013-06-27,2068.358695652174
2013-06-28,2068.358695652174
2013-06-29,2068.358695652174
2013-06-30,2068.358695652174
2013-07-01,2068.358695652174
2013-07-02,2068.358695652174
2013-07-03,2068.358695652174
2013-07-04,2068.358695652174
2013-07-05,2068.358695652174
2013-07-06,2068.358695652174
2013-07-07,2068.358695652174
2013-07-08,2068.358695652174
2013-07-09,2068.358695652174
2013-07-10,2068.358695652174
2013-07-11,2068.358695652174
2013-07-12,2068.358695652174
2013-07-13,2068.358695652174
2013-07-14,2068.358695652174
2013-07-15,2068.358695652174
2013-07-16,2068.358695652174
2013-07-17,2068.358695652174
2013-07-18,2068.358695652174
2013-07-19,2068.358695652174
2013-07-20,2068.358695652174
2013-07-21,2068.358695652174
2013-07-22,2068.358695652174
2013-07-23,2068.358695652174
2013-07-24,2068.358695652174
2013-07-25,2068.358695652174
2013-07-26,2068.358695652174
2013-07-27,2068.358695652174
2013-07-28,2068.358695652174
2013-07-29,2068.358695652174
2013-07-30,2068.358695652174
2013-07-31,2068.358695652174
2013-08-01,2068.358695652174
2013-08-02,2068.358695652174
2013-08-03,2068.358695652174
2013-08-04,2068.358695652174
2013-08-05,2068.358695652174
2013-08-06,2068.358695652174
2013-08-07,2068.358695652174
2013-08-08,2068.358695652174
2013-08-09,2068.358695652174
2013-08-10,2068.358695652174
2013-08-11,2068.358695652174
2013-08-12,2068.358695652174
2013-08-13,2068.358695652174
2013-08-14,2068.358695652174
2013-08-15,2068.358695652174
2013-08-16,2068.358695652174
2013-08-17,2068.358695652174
2013-08-18,2068.358695652174
2013-08-19,2068.358695652174
2013-08-20,2068.358695652174
2013-08-21,2068.358695652174
2013-08-22,2068.358695652174
2013-08-23,2068.358695652174
2013-08-24,2068.358695652174
2013-08-25,2068.358695652174
2013-08-26,2068.358695652174
2013-08-27,2068.358695652174
2013-08-28,2068.358695652174
2013-08-29,2068.358695652174
2013-08-30,2068.358695652174
2013-08-31,2068.358695652174
2013-09-01,2068.358695652174
2013-09-02,2068.358695652174
2013-09-03,2068.358695652174
2013-09-04,2068.358695652174
2013-09-05,2068.358695652174
2013-09-06,2068.358695652174
2013-09-07,2068.358695652174
2013-09-08,2068.358695652174
2013-09-09,2068.358695652174
2013-09-10,2068.358695652174
2013-09-11,2068.358695652174
2013-09-12,2068.358695652174
2013-09-13,2068.358695652174
2013-09-14,2068.358695652174
2013-09-15,2068.358695652174
2013-09-16,2068.358695652174
2013-09-17,2068.358695652174
2013-09-18,2068.358695652174
2013-09-19,2068.358695652174
2013-09-20,2068.358695652174
2013-09-21,2068.358695652174
2013-09-22,2068.358695652174
2013-09-23,2068.358695652174
2013-09-24,2068.358695652174
2013-09-25,2068.358695652174
2013-09-26,2068.358695652174
2013-09-27,2068.358695652174
2013-09-28,2068.358695652174
2013-09-29,2068.358695652174
2013-09-30,2068.358695652174
2013-10-01,2068.358695652174
2013-10-02,2068.358695652174
2013-10-03,2068.358695652174
2013-10-04,2068.358695652174
2013-10-05,2068.358695652174
2013-10-06,2068.358695652174
2013-10-07,2068.358695652174
2013-10-08,2068.358695652174
2013-10-09,2068.358695652174
2013-10-10,2068.358695652174
2013-10-11,2068.358695652174
2013-10-12,2068.358695652174
2013-10-13,2068.358695652174
2013-10-14,2068.358695652174
2013-10-15,2068.358695652174
2013-10-16,2068.358695652174
2013-10-17,2068.358695652174
2013-10-18,2068.358695652174
2013-10-19,2068.358695652174
2013-10-20,2068.358695652174
2013-10-21,2068.358695652174
2013-10-22,2068.358695652174
2013-10-23,2068.358695652174
2013-10-24,2068.358695652174
2013-10-25,2068.358695652174
2013-10-26,2068.358695652174
2013-10-27,2068.358695652174
2013-10-28,2068.358695652174
2013-10-29,2068.358695652174
2013-10-30,2068.358695652174
2013-10-31,2068.358695652174
2013-11-01,1416.1767955801106
2013-11-02,1416.1767955801106
2013-11-03,1416.1767955801106
2013-11-04,1416.1767955801106
2013-11-05,1416.1767955801106
2013-11-06,1416.1767955801106
2013-11-07,1416.1767955801106
2013-11-08,1416.1767955801106
2013-11-09,1416.1767955801106
2013-11-10,1416.1767955801106
2013-11-11,1416.1767955801106
2013-11-12,1416.1767955801106
2013-11-13,1416.1767955801106
2013-11-14,1416.1767955801106
2013-11-15,1416.1767955801106
2013-11-16,1416.1767955801106
2013-11-17,1416.1767955801106
2013-11-18,1416.1767955801106
2013-11-19,1416.1767955801106
2013-11-20,1416.1767955801106
2013-11-21,1416.1767955801106
2013-11-22,1416.1767955801106
2013-11-23,1416.1767955801106
2013-11-24,1416.1767955801106
2013-11-25,1416.1767955801106
2013-11-26,1416.1767955801106
2013-11-27,1416.1767955801106
2013-11-28,1416.1767955801106
2013-11-29,1416.1767955801106
2013-11-30,1416.1767955801106
2013-12-01,1416.1767955801106
2013-12-02,1416.1767955801106
2013-12-03,1416.1767955801106
2013-12-04,1416.1767955801106
2013-12-05,1416.1767955801106
2013-12-06,1416.1767955801106
2013-12-07,1416.1767955801106
2013-12-08,1416.1767955801106
2013-12-09,1416.1767955801106
2013-12-10,1416.1767955801106
2013-12-11,1416.1767955801106
2013-12-12,1416.1767955801106
2013-12-13,1416.1767955801106
2013-12-14,1416.1767955801106
2013-12-15,1416.1767955801106
2013-12-16,1416.1767955801106
2013-12-17,1416.1767955801106
2013-12-18,1416.1767955801106
2013-12-19,1416.1767955801106
2013-12-20,1416.1767955801106
2013-12-21,1416.1767955801106
2013-12-22,1416.1767955801106
2013-12-23,1416.1767955801106
2013-12-24,1416.1767955801106
2013-12-25,1416.1767955801106
2013-12-26,1416.1767955801106
2013-12-27,1416.1767955801106
2013-12-28,1416.1767955801106
2013-12-29,1416.1767955801106
2013-12-30,1416.1767955801106
2013-12-31,1416.1767955801106
2014-01-01,1416.1767955801106
2014-01-02,1416.1767955801106
2014-01-03,1416.1767955801106
2014-01-04,1416.1767955801106
2014-01-05,1416.1767955801106
2014-01-06,1416.1767955801106
2014-01-07,1416.1767955801106
2014-01-08,1416.1767955801106
2014-01-09,1416.1767955801106
2014-01-10,1416.1767955801106
2014-01-11,1416.1767955801106
2014-01-12,1416.1767955801106
2014-01-13,1416.1767955801106
2014-01-14,1416.1767955801106
2014-01-15,1416.1767955801106
2014-01-16,1416.1767955801106
2014-01-17,1416.1767955801106
2014-01-18,1416.1767955801106
2014-01-19,1416.1767955801106
2014-01-20,1416.1767955801106
2014-01-21,1416.1767955801106
2014-01-22,1416.1767955801106
2014-01-23,1416.1767955801106
2014-01-24,1416.1767955801106
2014-01-25,1416.1767955801106
2014-01-26,1416.1767955801106
2014-01-27,1416.1767955801106
2014-01-28,1416.1767955801106
2014-01-29,1416.1767955801106
2014-01-30,1416.1767955801106
2014-01-31,1416.1767955801106
2014-02-01,1416.1767955801106
2014-02-02,1416.1767955801106
2014-02-03,1416.1767955801106
2014-02-04,1416.1767955801106
2014-02-05,1416.1767955801106
2014-02-06,1416.1767955801106
2014-02-07,1416.1767955801106
2014-02-08,1416.1767955801106
2014-02-09,1416.1767955801106
2014-02-10,1416.1767955801106
2014-02-11,1416.1767955801106
2014-02-12,1416.1767955801106
2014-02-13,1416.1767955801106
2014-02-14,1416.1767955801106
2014-02-15,1416.1767955801106
2014-02-16,1416.1767955801106
2014-02-17,1416.1767955801106
2014-02-18,1416.1767955801106
2014-02-19,1416.1767955801106
2014-02-20,1416.1767955801106
2014-02-21,1416.1767955801106
2014-02-22,1416.1767955801106
2014-02-23,1416.1767955801106
2014-02-24,1416.1767955801106
2014-02-25,1416.1767955801106
2014-02-26,1416.1767955801106
2014-02-27,1416.1767955801106
2014-02-28,1416.1767955801106
2014-03-01,1416.1767955801106
2014-03-02,1416.1767955801106
2014-03-03,1416.1767955801106
2014-03-04,1416.1767955801106
2014-03-05,1416.1767955801106
2014-03-06,1416.1767955801106
2014-03-07,1416.1767955801106
2014-03-08,1416.1767955801106
2014-03-09,1416.1767955801106
2014-03-10,1416.1767955801106
2014-03-11,1416.1767955801106
2014-03-12,1416.1767955801106
2014-03-13,1416.1767955801106
2014-03-14,1416.1767955801106
2014-03-15,1416.1767955801106
2014-03-16,1416.1767955801106
2014-03-17,1416.1767955801106
2014-03-18,1416.1767955801106
2014-03-19,1416.1767955801106
2014-03-20,1416.1767955801106
2014-03-21,1416.1767955801106
2014-03-22,1416.1767955801106
2014-03-23,1416.1767955801106
2014-03-24,1416.1767955801106
2014-03-25,1416.1767955801106
2014-03-26,1416.1767955801106
2014-03-27,1416.1767955801106
2014-03-28,1416.1767955801106
2014-03-29,1416.1767955801106
2014-03-30,1416.1767955801106
2014-03-31,1416.1767955801106
2014-04-01,1416.1767955801106
2014-04-02,1416.1767955801106
2014-04-03,1416.1767955801106
2014-04-04,1416.1767955801106
2014-04-05,1416.1767955801106
2014-04-06,1416.1767955801106
2014-04-07,1416.1767955801106
2014-04-08,1416.1767955801106
2014-04-09,1416.1767955801106
2014-04-10,1416.1767955801106
2014-04-11,1416.1767955801106
2014-04-12,1416.1767955801106
2014-04-13,1416.1767955801106
2014-04-14,1416.1767955801106
2014-04-15,1416.1767955801106
2014-04-16,1416.1767955801106
2014-04-17,1416.1767955801106
2014-04-18,1416.1767955801106
2014-04-19,1416.1767955801106
2014-04-20,1416.1767955801106
2014-04-21,1416.1767955801106
2014-04-22,1416.1767955801106
2014-04-23,1416.1767955801106
2014-04-24,1416.1767955801106
2014-04-25,1416.1767955801106
2014-04-26,1416.1767955801106
2014-04-27,1416.1767955801106
2014-04-28,1416.1767955801106
2014-04-29,1416.1767955801106
2014-04-30,1416.1767955801106
2014-05-01,2108.2445652173915
2014-05-02,2108.2445652173915
2014-05-03,2108.2445652173915
2014-05-04,2108.2445652173915
2014-05-05,2108.2445652173915
2014-05-06,2108.2445652173915
2014-05-07,2108.2445652173915
2014-05-08,2108.2445652173915
2014-05-09,2108.2445652173915
2014-05-10,2108.2445652173915
2014-05-11,2108.2445652173915
2014-05-12,2108.2445652173915
2014-05-13,2108.2445652173915
2014-05-14,2108.2445652173915
2014-05-15,2108.2445652173915
2014-05-16,2108.2445652173915
2014-05-17,2108.2445652173915
2014-05-18,2108.2445652173915
2014-05-19,2108.2445652173915
2014-05-20,2108.2445652173915
2014-05-21,2108.2445652173915
2014-05-22,2108.2445652173915
2014-05-23,2108.2445652173915
2014-05-24,2108.2445652173915
2014-05-25,2108.2445652173915
2014-05-26,2108.2445652173915
2014-05-27,2108.2445652173915
2014-05-28,2108.2445652173915
2014-05-29,2108.2445652173915
2014-05-30,2108.2445652173915
2014-05-31,2108.2445652173915
2014-06-01,2108.2445652173915
2014-06-02,2108.2445652173915
2014-06-03,2108.2445652173915
2014-06-04,2108.2445652173915
2014-06-05,2108.2445652173915
2014-06-06,2108.2445652173915
2014-06-07,2108.2445652173915
2014-06-08,2108.2445652173915
2014-06-09,2108.2445652173915
2014-06-10,2108.2445652173915
2014-06-11,2108.2445652173915
2014-06-12,2108.2445652173915
2014-06-13,2108.2445652173915
2014-06-14,2108.2445652173915
2014-06-15,2108.2445652173915
2014-06-16,2108.2445652173915
2014-06-17,2108.2445652173915
2014-06-18,2108.2445652173915
2014-06-19,2108.2445652173915
2014-06-20,2108.2445652173915
2014-06-21,2108.2445652173915
2014-06-22,2108.2445652173915
2014-06-23,2108.2445652173915
2014-06-24,2108.2445652173915
2014-06-25,2108.2445652173915
2014-06-26,2108.2445652173915
2014-06-27,2108.2445652173915
2014-06-28,2108.2445652173915
2014-06-29,2108.2445652173915
2014-06-30,2108.2445652173915
2014-07-01,2108.2445652173915
2014-07-02,2108.2445652173915
2014-07-03,2108.2445652173915
2014-07-04,2108.2445652173915
2014-07-05,2108.2445652173915
2014-07-06,2108.2445652173915
2014-07-07,2108.2445652173915
2014-07-08,2108.2445652173915
2014-07-09,2108.2445652173915
2014-07-10,2108.2445652173915
2014-07-11,2108.2445652173915
2014-07-12,2108.2445652173915
2014-07-13,2108.2445652173915
2014-07-14,2108.2445652173915
2014-07-15,2108.2445652173915
2014-07-16,2108.2445652173915
2014-07-17,2108.2445652173915
2014-07-18,2108.2445652173915
2014-07-19,2108.2445652173915
2014-07-20,2108.2445652173915
2014-07-21,2108.2445652173915
2014-07-22,2108.2445652173915
2014-07-23,2108.2445652173915
2014-07-24,2108.2445652173915
2014-07-25,2108.2445652173915
2014-07-26,2108.2445652173915
2014-07-27,2108.2445652173915
2014-07-28,2108.2445652173915
2014-07-29,2108.2445652173915
2014-07-30,2108.2445652173915
2014-07-31,2108.2445652173915
2014-08-01,2108.2445652173915
2014-08-02,2108.2445652173915
2014-08-03,2108.2445652173915
2014-08-04,2108.2445652173915
2014-08-05,2108.2445652173915
2014-08-06,2108.2445652173915
2014-08-07,2108.2445652173915
2014-08-08,2108.2445652173915
2014-08-09,2108.2445652173915
2014-08-10,2108.2445652173915
2014-08-11,2108.2445652173915
2014-08-12,2108.2445652173915
2014-08-13,2108.2445652173915
2014-08-14,2108.2445652173915
2014-08-15,2108.2445652173915
2014-08-16,2108.2445652173915
2014-08-17,2108.2445652173915
2014-08-18,2108.2445652173915
2014-08-19,2108.2445652173915
2014-08-20,2108.2445652173915
2014-08-21,2108.2445652173915
2014-08-22,2108.2445652173915
2014-08-23,2108.2445652173915
2014-08-24,2108.2445652173915
2014-08-25,2108.2445652173915
2014-08-26,2108.2445652173915
2014-08-27,2108.2445652173915
2014-08-28,2108.2445652173915
2014-08-29,2108.2445652173915
2014-08-30,2108.2445652173915
2014-08-31,2108.2445652173915
2014-09-01,2108.2445652173915
2014-09-02,2108.2445652173915
2014-09-03,2108.2445652173915
2014-09-04,2108.2445652173915
2014-09-05,2108.2445652173915
2014-09-06,2108.2445652173915
2014-09-07,2108.2445652173915
2014-09-08,2108.2445652173915
2014-09-09,2108.2445652173915
2014-09-10,2108.2445652173915
2014-09-11,2108.2445652173915
2014-09-12,2108.2445652173915
2014-09-13,2108.2445652173915
2014-09-14,2108.2445652173915
2014-09-15,2108.2445652173915
2014-09-16,2108.2445652173915
2014-09-17,2108.2445652173915
2014-09-18,2108.2445652173915
2014-09-19,2108.2445652173915
2014-09-20,2108.2445652173915
2014-09-21,2108.2445652173915
2014-09-22,2108.2445652173915
2014-09-23,2108.2445652173915
2014-09-24,2108.2445652173915
2014-09-25,2108.2445652173915
2014-09-26,2108.2445652173915
2014-09-27,2108.2445652173915
2014-09-28,2108.2445652173915
2014-09-29,2108.2445652173915
2014-09-30,2108.2445652173915
2014-10-01,2108.2445652173915
2014-10-02,2108.2445652173915
2014-10-03,2108.2445652173915
2014-10-04,2108.2445652173915
2014-10-05,2108.2445652173915
2014-10-06,2108.2445652173915
2014-10-07,2108.2445652173915
2014-10-08,2108.2445652173915
2014-10-09,2108.2445652173915
2014-10-10,2108.2445652173915
2014-10-11,2108.2445652173915
2014-10-12,2108.2445652173915
2014-10-13,2108.2445652173915
2014-10-14,2108.2445652173915
2014-10-15,2108.2445652173915
2014-10-16,2108.2445652173915
2014-10-17,2108.2445652173915
2014-10-18,2108.2445652173915
2014-10-19,2108.2445652173915
2014-10-20,2108.2445652173915
2014-10-21,2108.2445652173915
2014-10-22,2108.2445652173915
2014-10-23,2108.2445652173915
2014-10-24,2108.2445652173915
2014-10-25,2108.2445652173915
2014-10-26,2108.2445652173915
2014-10-27,2108.2445652173915
2014-10-28,2108.2445652173915
2014-10-29,2108.2445652173915
2014-10-30,2108.2445652173915
2014-10-31,2108.2445652173915
2014-11-01,1479.5801104972375
2014-11-02,1479.5801104972375
2014-11-03,1479.5801104972375
2014-11-04,1479.5801104972375
2014-11-05,1479.5801104972375
2014-11-06,1479.5801104972375
2014-11-07,1479.5801104972375
2014-11-08,1479.5801104972375
2014-11-09,1479.5801104972375
2014-11-10,1479.5801104972375
2014-11-11,1479.5801104972375
2014-11-12,1479.5801104972375
2014-11-13,1479.5801104972375
2014-11-14,1479.5801104972375
2014-11-15,1479.5801104972375
2014-11-16,1479.5801104972375
2014-11-17,1479.5801104972375
2014-11-18,1479.5801104972375
2014-11-19,1479.5801104972375
2014-11-20,1479.5801104972375
2014-11-21,1479.5801104972375
2014-11-22,1479.5801104972375
2014-11-23,1479.5801104972375
2014-11-24,1479.5801104972375
2014-11-25,1479.5801104972375
2014-11-26,1479.5801104972375
2014-11-27,1479.5801104972375
2014-11-28,1479.5801104972375
2014-11-29,1479.5801104972375
2014-11-30,1479.5801104972375
2014-12-01,1479.5801104972375
2014-12-02,1479.5801104972375
2014-12-03,1479.5801104972375
2014-12-04,1479.5801104972375
2014-12-05,1479.5801104972375
2014-12-06,1479.5801104972375
2014-12-07,1479.5801104972375
2014-12-08,1479.5801104972375
2014-12-09,1479.5801104972375
2014-12-10,1479.5801104972375
2014-12-11,1479.5801104972375
2014-12-12,1479.5801104972375
2014-12-13,1479.5801104972375
2014-12-14,1479.5801104972375
2014-12-15,1479.5801104972375
2014-12-16,1479.5801104972375
2014-12-17,1479.5801104972375
2014-12-18,1479.5801104972375
2014-12-19,1479.5801104972375
2014-12-20,1479.5801104972375
2014-12-21,1479.5801104972375
2014-12-22,1479.5801104972375
2014-12-23,1479.5801104972375
2014-12-24,1479.5801104972375
2014-12-25,1479.5801104972375
2014-12-26,1479.5801104972375
2014-12-27,1479.5801104972375
2014-12-28,1479.5801104972375
2014-12-29,1479.5801104972375
2014-12-30,1479.5801104972375
2014-12-31,1479.5801104972375
2015-01-01,1479.5801104972375
2015-01-02,1479.5801104972375
2015-01-03,1479.5801104972375
2015-01-04,1479.5801104972375
2015-01-05,1479.5801104972375
2015-01-06,1479.5801104972375
2015-01-07,1479.5801104972375
2015-01-08,1479.5801104972375
2015-01-09,1479.5801104972375
2015-01-10,1479.5801104972375
2015-01-11,1479.5801104972375
2015-01-12,1479.5801104972375
2015-01-13,1479.5801104972375
2015-01-14,1479.5801104972375
2015-01-15,1479.5801104972375
2015-01-16,1479.5801104972375
2015-01-17,1479.5801104972375
2015-01-18,1479.5801104972375
2015-01-19,1479.5801104972375
2015-01-20,1479.5801104972375
2015-01-21,1479.5801104972375
2015-01-22,1479.5801104972375
2015-01-23,1479.5801104972375
2015-01-24,1479.5801104972375
2015-01-25,1479.5801104972375
2015-01-26,1479.5801104972375
2015-01-27,1479.5801104972375
2015-01-28,1479.5801104972375
2015-01-29,1479.5801104972375
2015-01-30,1479.5801104972375
2015-01-31,1479.5801104972375
2015-02-01,1479.5801104972375
2015-02-02,1479.5801104972375
2015-02-03,1479.5801104972375
2015-02-04,1479.5801104972375
2015-02-05,1479.5801104972375
2015-02-06,1479.5801104972375
2015-02-07,1479.5801104972375
2015-02-08,1479.5801104972375
2015-02-09,1479.5801104972375
2015-02-10,1479.5801104972375
2015-02-11,1479.5801104972375
2015-02-12,1479.5801104972375
2015-02-13,1479.5801104972375
2015-02-14,1479.5801104972375
2015-02-15,1479.5801104972375
2015-02-16,1479.5801104972375
2015-02-17,1479.5801104972375
2015-02-18,1479.5801104972375
2015-02-19,1479.5801104972375
2015-02-20,1479.5801104972375
2015-02-21,1479.5801104972375
2015-02-22,1479.5801104972375
2015-02-23,1479.5801104972375
2015-02-24,1479.5801104972375
2015-02-25,1479.5801104972375
2015-02-26,1479.5801104972375
2015-02-27,1479.5801104972375
2015-02-28,1479.5801104972375
2015-03-01,1479.5801104972375
2015-03-02,1479.5801104972375
2015-03-03,1479.5801104972375
2015-03-04,1479.5801104972375
2015-03-05,1479.5801104972375
2015-03-06,1479.5801104972375
2015-03-07,1479.5801104972375
2015-03-08,1479.5801104972375
2015-03-09,1479.5801104972375
2015-03-10,1479.5801104972375
2015-03-11,1479.5801104972375
2015-03-12,1479.5801104972375
2015-03-13,1479.5801104972375
2015-03-14,1479.5801104972375
2015-03-15,1479.5801104972375
2015-03-16,1479.5801104972375
2015-03-17,1479.5801104972375
2015-03-18,1479.5801104972375
2015-03-19,1479.5801104972375
2015-03-20,1479.5801104972375
2015-03-21,1479.5801104972375
2015-03-22,1479.5801104972375
2015-03-23,1479.5801104972375
2015-03-24,1479.5801104972375
2015-03-25,1479.5801104972375
2015-03-26,1479.5801104972375
2015-03-27,1479.5801104972375
2015-03-28,1479.5801104972375
2015-03-29,1479.5801104972375
2015-03-30,1479.5801104972375
2015-03-31,1479.5801104972375
2015-04-01,1479.5801104972375
2015-04-02,1479.5801104972375
2015-04-03,1479.5801104972375
2015-04-04,1479.5801104972375
2015-04-05,1479.5801104972375
2015-04-06,1479.5801104972375
2015-04-07,1479.5801104972375
2015-04-08,1479.5801104972375
2015-04-09,1479.5801104972375
2015-04-10,1479.5801104972375
2015-04-11,1479.5801104972375
2015-04-12,1479.5801104972375
2015-04-13,1479.5801104972375
2015-04-14,1479.5801104972375
2015-04-15,1479.5801104972375
2015-04-16,1479.5801104972375
2015-04-17,1479.5801104972375
2015-04-18,1479.5801104972375
2015-04-19,1479.5801104972375
2015-04-20,1479.5801104972375
2015-04-21,1479.5801104972375
2015-04-22,1479.5801104972375
2015-04-23,1479.5801104972375
2015-04-24,1479.5801104972375
2015-04-25,1479.5801104972375
2015-04-26,1479.5801104972375
2015-04-27,1479.5801104972375
2015-04-28,1479.5801104972375
2015-04-29,1479.5801104972375
2015-04-30,1479.5801104972375
2015-05-01,2213.945652173913
2015-05-02,2213.945652173913
2015-05-03,2213.945652173913
2015-05-04,2213.945652173913
2015-05-05,2213.945652173913
2015-05-06,2213.945652173913
2015-05-07,2213.945652173913
2015-05-08,2213.945652173913
2015-05-09,2213.945652173913
2015-05-10,2213.945652173913
2015-05-11,2213.945652173913
2015-05-12,2213.945652173913
2015-05-13,2213.945652173913
2015-05-14,2213.945652173913
2015-05-15,2213.945652173913
2015-05-16,2213.945652173913
2015-05-17,2213.945652173913
2015-05-18,2213.945652173913
2015-05-19,2213.945652173913
2015-05-20,2213.945652173913
2015-05-21,2213.945652173913
2015-05-22,2213.945652173913
2015-05-23,2213.945652173913
2015-05-24,2213.945652173913
2015-05-25,2213.945652173913
2015-05-26,2213.945652173913
2015-05-27,2213.945652173913
2015-05-28,2213.945652173913
2015-05-29,2213.945652173913
2015-05-30,2213.945652173913
2015-05-31,2213.945652173913
2015-06-01,2213.945652173913
2015-06-02,2213.945652173913
2015-06-03,2213.945652173913
2015-06-04,2213.945652173913
2015-06-05,2213.945652173913
2015-06-06,2213.945652173913
2015-06-07,2213.945652173913
2015-06-08,2213.945652173913
2015-06-09,2213.945652173913
2015-06-10,2213.945652173913
2015-06-11,2213.945652173913
2015-06-12,2213.945652173913
2015-06-13,2213.945652173913
2015-06-14,2213.945652173913
2015-06-15,2213.945652173913
2015-06-16,2213.945652173913
2015-06-17,2213.945652173913
2015-06-18,2213.945652173913
2015-06-19,2213.945652173913
2015-06-20,2213.945652173913
2015-06-21,2213.945652173913
2015-06-22,2213.945652173913
2015-06-23,2213.945652173913
2015-06-24,2213.945652173913
2015-06-25,2213.945652173913
2015-06-26,2213.945652173913
2015-06-27,2213.945652173913
2015-06-28,2213.945652173913
2015-06-29,2213.945652173913
2015-06-30,2213.945652173913
2015-07-01,2213.945652173913
2015-07-02,2213.945652173913
2015-07-03,2213.945652173913
2015-07-04,2213.945652173913
2015-07-05,2213.945652173913
2015-07-06,2213.945652173913
2015-07-07,2213.945652173913
2015-07-08,2213.945652173913
2015-07-09,2213.945652173913
2015-07-10,2213.945652173913
2015-07-11,2213.945652173913
2015-07-12,2213.945652173913
2015-07-13,2213.945652173913
2015-07-14,2213.945652173913
2015-07-15,2213.945652173913
2015-07-16,2213.945652173913
2015-07-17,2213.945652173913
2015-07-18,2213.945652173913
2015-07-19,2213.945652173913
2015-07-20,2213.945652173913
2015-07-21,2213.945652173913
2015-07-22,2213.945652173913
2015-07-23,2213.945652173913
2015-07-24,2213.945652173913
2015-07-25,2213.945652173913
2015-07-26,2213.945652173913
2015-07-27,2213.945652173913
2015-07-28,2213.945652173913
2015-07-29,2213.945652173913
2015-07-30,2213.945652173913
2015-07-31,2213.945652173913
2015-08-01,2213.945652173913
2015-08-02,2213.945652173913
2015-08-03,2213.945652173913
2015-08-04,2213.945652173913
2015-08-05,2213.945652173913
2015-08-06,2213.945652173913
2015-08-07,2213.945652173913
2015-08-08,2213.945652173913
2015-08-09,2213.945652173913
2015-08-10,2213.945652173913
2015-08-11,2213.945652173913
2015-08-12,2213.945652173913
2015-08-13,2213.945652173913
2015-08-14,2213.945652173913
2015-08-15,2213.945652173913
2015-08-16,2213.945652173913
2015-08-17,2213.945652173913
2015-08-18,2213.945652173913
2015-08-19,2213.945652173913
2015-08-20,2213.945652173913
2015-08-21,2213.945652173913
2015-08-22,2213.945652173913
2015-08-23,2213.945652173913
2015-08-24,2213.945652173913
2015-08-25,2213.945652173913
2015-08-26,2213.945652173913
2015-08-27,2213.945652173913
2015-08-28,2213.945652173913
2015-08-29,2213.945652173913
2015-08-30,2213.945652173913
2015-08-31,2213.945652173913
2015-09-01,2213.945652173913
2015-09-02,2213.945652173913
2015-09-03,2213.945652173913
2015-09-04,2213.945652173913
2015-09-05,2213.945652173913
2015-09-06,2213.945652173913
2015-09-07,2213.945652173913
2015-09-08,2213.945652173913
2015-09-09,2213.945652173913
2015-09-10,2213.945652173913
2015-09-11,2213.945652173913
2015-09-12,2213.945652173913
2015-09-13,2213.945652173913
2015-09-14,2213.945652173913
2015-09-15,2213.945652173913
2015-09-16,2213.945652173913
2015-09-17,2213.945652173913
2015-09-18,2213.945652173913
2015-09-19,2213.945652173913
2015-09-20,2213.945652173913
2015-09-21,2213.945652173913
2015-09-22,2213.945652173913
2015-09-23,2213.945652173913
2015-09-24,2213.945652173913
2015-09-25,2213.945652173913
2015-09-26,2213.945652173913
2015-09-27,2213.945652173913
2015-09-28,2213.945652173913
2015-09-29,2213.945652173913
2015-09-30,2213.945652173913
2015-10-01,2213.945652173913
2015-10-02,2213.945652173913
2015-10-03,2213.945652173913
2015-10-04,2213.945652173913
2015-10-05,2213.945652173913
2015-10-06,2213.945652173913
2015-10-07,2213.945652173913
2015-10-08,2213.945652173913
2015-10-09,2213.945652173913
2015-10-10,2213.945652173913
2015-10-11,2213.945652173913
2015-10-12,2213.945652173913
2015-10-13,2213.945652173913
2015-10-14,2213.945652173913
2015-10-15,2213.945652173913
2015-10-16,2213.945652173913
2015-10-17,2213.945652173913
2015-10-18,2213.945652173913
2015-10-19,2213.945652173913
2015-10-20,2213.945652173913
2015-10-21,2213.945652173913
2015-10-22,2213.945652173913
2015-10-23,2213.945652173913
2015-10-24,2213.945652173913
2015-10-25,2213.945652173913
2015-10-26,2213.945652173913
2015-10-27,2213.945652173913
2015-10-28,2213.945652173913
2015-10-29,2213.945652173913
2015-10-30,2213.945652173913
2015-10-31,2213.945652173913
2015-11-01,1456.6538461538462
2015-11-02,1456.6538461538462
2015-11-03,1456.6538461538462
2015-11-04,1456.6538461538462
2015-11-05,1456.6538461538462
2015-11-06,1456.6538461538462
2015-11-07,1456.6538461538462
2015-11-08,1456.6538461538462
2015-11-09,1456.6538461538462
2015-11-10,1456.6538461538462
2015-11-11,1456.6538461538462
2015-11-12,1456.6538461538462
2015-11-13,1456.6538461538462
2015-11-14,1456.6538461538462
2015-11-15,1456.6538461538462
2015-11-16,1456.6538461538462
2015-11-17,1456.6538461538462
2015-11-18,1456.6538461538462
2015-11-19,1456.6538461538462
2015-11-20,1456.6538461538462
2015-11-21,1456.6538461538462
2015-11-22,1456.6538461538462
2015-11-23,1456.6538461538462
2015-11-24,1456.6538461538462
2015-11-25,1456.6538461538462
2015-11-26,1456.6538461538462
2015-11-27,1456.6538461538462
2015-11-28,1456.6538461538462
2015-11-29,1456.6538461538462
2015-11-30,1456.6538461538462
2015-12-01,1456.6538461538462
2015-12-02,1456.6538461538462
2015-12-03,1456.6538461538462
2015-12-04,1456.6538461538462
2015-12-05,1456.6538461538462
2015-12-06,1456.6538461538462
2015-12-07,1456.6538461538462
2015-12-08,1456.6538461538462
2015-12-09,1456.6538461538462
2015-12-10,1456.6538461538462
2015-12-11,1456.6538461538462
2015-12-12,1456.6538461538462
2015-12-13,1456.6538461538462
2015-12-14,1456.6538461538462
2015-12-15,1456.6538461538462
2015-12-16,1456.6538461538462
2015-12-17,1456.6538461538462
2015-12-18,1456.6538461538462
2015-12-19,1456.6538461538462
2015-12-20,1456.6538461538462
2015-12-21,1456.6538461538462
2015-12-22,1456.6538461538462
2015-12-23,1456.6538461538462
2015-12-24,1456.6538461538462
2015-12-25,1456.6538461538462
2015-12-26,1456.6538461538462
2015-12-27,1456.6538461538462
2015-12-28,1456.6538461538462
2015-12-29,1456.6538461538462
2015-12-30,1456.6538461538462
2015-12-31,1456.6538461538462
2016-01-01,1456.6538461538462
2016-01-02,1456.6538461538462
2016-01-03,1456.6538461538462
2016-01-04,1456.6538461538462
2016-01-05,1456.6538461538462
2016-01-06,1456.6538461538462
2016-01-07,1456.6538461538462
2016-01-08,1456.6538461538462
2016-01-09,1456.6538461538462
2016-01-10,1456.6538461538462
2016-01-11,1456.6538461538462
2016-01-12,1456.6538461538462
2016-01-13,1456.6538461538462
2016-01-14,1456.6538461538462
2016-01-15,1456.6538461538462
2016-01-16,1456.6538461538462
2016-01-17,1456.6538461538462
2016-01-18,1456.6538461538462
2016-01-19,1456.6538461538462
2016-01-20,1456.6538461538462
2016-01-21,1456.6538461538462
2016-01-22,1456.6538461538462
2016-01-23,1456.6538461538462
2016-01-24,1456.6538461538462
2016-01-25,1456.6538461538462
2016-01-26,1456.6538461538462
2016-01-27,1456.6538461538462
2016-01-28,1456.6538461538462
2016-01-29,1456.6538461538462
2016-01-30,1456.6538461538462
2016-01-31,1456.6538461538462
2016-02-01,1456.6538461538462
2016-02-02,1456.6538461538462
2016-02-03,1456.6538461538462
2016-02-04,1456.6538461538462
2016-02-05,1456.6538461538462
2016-02-06,1456.6538461538462
2016-02-07,1456.6538461538462
2016-02-08,1456.6538461538462
2016-02-09,1456.6538461538462
2016-02-10,1456.6538461538462
2016-02-11,1456.6538461538462
2016-02-12,1456.6538461538462
2016-02-13,1456.6538461538462
2016-02-14,1456.6538461538462
2016-02-15,1456.6538461538462
2016-02-16,1456.6538461538462
2016-02-17,1456.6538461538462
2016-02-18,1456.6538461538462
2016-02-19,1456.6538461538462
2016-02-20,1456.6538461538462
2016-02-21,1456.6538461538462
2016-02-22,1456.6538461538462
2016-02-23,1456.6538461538462
2016-02-24,1456.6538461538462
2016-02-25,1456.6538461538462
2016-02-26,1456.6538461538462
2016-02-27,1456.6538461538462
2016-02-28,1456.6538461538462
2016-02-29,1456.6538461538462
2016-03-01,1456.6538461538462
2016-03-02,1456.6538461538462
2016-03-03,1456.6538461538462
2016-03-04,1456.6538461538462
2016-03-05,1456.6538461538462
2016-03-06,1456.6538461538462
2016-03-07,1456.6538461538462
2016-03-08,1456.6538461538462
2016-03-09,1456.6538461538462
2016-03-10,1456.6538461538462
2016-03-11,1456.6538461538462
2016-03-12,1456.6538461538462
2016-03-13,1456.6538461538462
2016-03-14,1456.6538461538462
2016-03-15,1456.6538461538462
2016-03-16,1456.6538461538462
2016-03-17,1456.6538461538462
2016-03-18,1456.6538461538462
2016-03-19,1456.6538461538462
2016-03-20,1456.6538461538462
2016-03-21,1456.6538461538462
2016-03-22,1456.6538461538462
2016-03-23,1456.6538461538462
2016-03-24,1456.6538461538462
2016-03-25,1456.6538461538462
2016-03-26,1456.6538461538462
2016-03-27,1456.6538461538462
2016-03-28,1456.6538461538462
2016-03-29,1456.6538461538462
2016-03-30,1456.6538461538462
2016-03-31,1456.6538461538462
2016-04-01,1456.6538461538462
2016-04-02,1456.6538461538462
2016-04-03,1456.6538461538462
2016-04-04,1456.6538461538462
2016-04-05,1456.6538461538462
2016-04-06,1456.6538461538462
2016-04-07,1456.6538461538462
2016-04-08,1456.6538461538462
2016-04-09,1456.6538461538462
2016-04-10,1456.6538461538462
2016-04-11,1456.6538461538462
2016-04-12,1456.6538461538462
2016-04-13,1456.6538461538462
2016-04-14,1456.6538461538462
2016-04-15,1456.6538461538462
2016-04-16,1456.6538461538462
2016-04-17,1456.6538461538462
2016-04-18,1456.6538461538462
2016-04-19,1456.6538461538462
2016-04-20,1456.6538461538462
2016-04-21,1456.6538461538462
2016-04-22,1456.6538461538462
2016-04-23,1456.6538461538462
2016-04-24,1456.6538461538462
2016-04-25,1456.6538461538462
2016-04-26,1456.6538461538462
2016-04-27,1456.6538461538462
2016-04-28,1456.6538461538462
2016-04-29,1456.6538461538462
2016-04-30,1456.6538461538462
2016-05-01,2205.961956521739
2016-05-02,2205.961956521739
2016-05-03,2205.961956521739
2016-05-04,2205.961956521739
2016-05-05,2205.961956521739
2016-05-06,2205.961956521739
2016-05-07,2205.961956521739
2016-05-08,2205.961956521739
2016-05-09,2205.961956521739
2016-05-10,2205.961956521739
2016-05-11,2205.961956521739
2016-05-12,2205.961956521739
2016-05-13,2205.961956521739
2016-05-14,2205.961956521739
2016-05-15,2205.961956521739
2016-05-16,2205.961956521739
2016-05-17,2205.961956521739
2016-05-18,2205.961956521739
2016-05-19,2205.961956521739
2016-05-20,2205.961956521739
2016-05-21,2205.961956521739
2016-05-22,2205.961956521739
2016-05-23,2205.961956521739
2016-05-24,2205.961956521739
2016-05-25,2205.961956521739
2016-05-26,2205.961956521739
2016-05-27,2205.961956521739
2016-05-28,2205.961956521739
2016-05-29,2205.961956521739
2016-05-30,2205.961956521739
2016-05-31,2205.961956521739
2016-06-01,2205.961956521739
2016-06-02,2205.961956521739
2016-06-03,2205.961956521739
2016-06-04,2205.961956521739
2016-06-05,2205.961956521739
2016-06-06,2205.961956521739
2016-06-07,2205.961956521739
2016-06-08,2205.961956521739
2016-06-09,2205.961956521739
2016-06-10,2205.961956521739
2016-06-11,2205.961956521739
2016-06-12,2205.961956521739
2016-06-13,2205.961956521739
2016-06-14,2205.961956521739
2016-06-15,2205.961956521739
2016-06-16,2205.961956521739
2016-06-17,2205.961956521739
2016-06-18,2205.961956521739
2016-06-19,2205.961956521739
2016-06-20,2205.961956521739
2016-06-21,2205.961956521739
2016-06-22,2205.961956521739
2016-06-23,2205.961956521739
2016-06-24,2205.961956521739
2016-06-25,2205.961956521739
2016-06-26,2205.961956521739
2016-06-27,2205.961956521739
2016-06-28,2205.961956521739
2016-06-29,2205.961956521739
2016-06-30,2205.961956521739
2016-07-01,2205.961956521739
2016-07-02,2205.961956521739
2016-07-03,2205.961956521739
2016-07-04,2205.961956521739
2016-07-05,2205.961956521739
2016-07-06,2205.961956521739
2016-07-07,2205.961956521739
2016-07-08,2205.961956521739
2016-07-09,2205.961956521739
2016-07-10,2205.961956521739
2016-07-11,2205.961956521739
2016-07-12,2205.961956521739
2016-07-13,2205.961956521739
2016-07-14,2205.961956521739
2016-07-15,2205.961956521739
2016-07-16,2205.961956521739
2016-07-17,2205.961956521739
2016-07-18,2205.961956521739
2016-07-19,2205.961956521739
2016-07-20,2205.961956521739
2016-07-21,2205.961956521739
2016-07-22,2205.961956521739
2016-07-23,2205.961956521739
2016-07-24,2205.961956521739
2016-07-25,2205.961956521739
2016-07-26,2205.961956521739
2016-07-27,2205.961956521739
2016-07-28,2205.961956521739
2016-07-29,2205.961956521739
2016-07-30,2205.961956521739
2016-07-31,2205.961956521739
2016-08-01,2205.961956521739
2016-08-02,2205.961956521739
2016-08-03,2205.961956521739
2016-08-04,2205.961956521739
2016-08-05,2205.961956521739
2016-08-06,2205.961956521739
2016-08-07,2205.961956521739
2016-08-08,2205.961956521739
2016-08-09,2205.961956521739
2016-08-10,2205.961956521739
2016-08-11,2205.961956521739
2016-08-12,2205.961956521739
2016-08-13,2205.961956521739
2016-08-14,2205.961956521739
2016-08-15,2205.961956521739
2016-08-16,2205.961956521739
2016-08-17,2205.961956521739
2016-08-18,2205.961956521739
2016-08-19,2205.961956521739
2016-08-20,2205.961956521739
2016-08-21,2205.961956521739
2016-08-22,2205.961956521739
2016-08-23,2205.961956521739
2016-08-24,2205.961956521739
2016-08-25,2205.961956521739
2016-08-26,2205.961956521739
2016-08-27,2205.961956521739
2016-08-28,2205.961956521739
2016-08-29,2205.961956521739
2016-08-30,2205.961956521739
2016-08-31,2205.961956521739
2016-09-01,2205.961956521739
2016-09-02,2205.961956521739
2016-09-03,2205.961956521739
2016-09-04,2205.961956521739
2016-09-05,2205.961956521739
2016-09-06,2205.961956521739
2016-09-07,2205.961956521739
2016-09-08,2205.961956521739
2016-09-09,2205.961956521739
2016-09-10,2205.961956521739
2016-09-11,2205.961956521739
2016-09-12,2205.961956521739
2016-09-13,2205.961956521739
2016-09-14,2205.961956521739
2016-09-15,2205.961956521739
2016-09-16,2205.961956521739
2016-09-17,2205.961956521739
2016-09-18,2205.961956521739
2016-09-19,2205.961956521739
2016-09-20,2205.961956521739
2016-09-21,2205.961956521739
2016-09-22,2205.961956521739
2016-09-23,2205.961956521739
2016-09-24,2205.961956521739
2016-09-25,2205.961956521739
2016-09-26,2205.961956521739
2016-09-27,2205.961956521739
2016-09-28,2205.961956521739
2016-09-29,2205.961956521739
2016-09-30,2205.961956521739
2016-10-01,2205.961956521739
2016-10-02,2205.961956521739
2016-10-03,2205.961956521739
2016-10-04,2205.961956521739
2016-10-05,2205.961956521739
2016-10-06,2205.961956521739
2016-10-07,2205.961956521739
2016-10-08,2205.961956521739
2016-10-09,2205.961956521739
2016-10-10,2205.961956521739
2016-10-11,2205.961956521739
2016-10-12,2205.961956521739
2016-10-13,2205.961956521739
2016-10-14,2205.961956521739
2016-10-15,2205.961956521739
2016-10-16,2205.961956521739
2016-10-17,2205.961956521739
2016-10-18,2205.961956521739
2016-10-19,2205.961956521739
2016-10-20,2205.961956521739
2016-10-21,2205.961956521739
2016-10-22,2205.961956521739
2016-10-23,2205.961956521739
2016-10-24,2205.961956521739
2016-10-25,2205.961956521739
2016-10-26,2205.961956521739
2016-10-27,2205.961956521739
2016-10-28,2205.961956521739
2016-10-29,2205.961956521739
2016-10-30,2205.961956521739
2016-10-31,2205.961956521739
2016-11-01,1534.1657458563536
2016-11-02,1534.1657458563536
2016-11-03,1534.1657458563536
2016-11-04,1534.1657458563536
2016-11-05,1534.1657458563536
2016-11-06,1534.1657458563536
2016-11-07,1534.1657458563536
2016-11-08,1534.1657458563536
2016-11-09,1534.1657458563536
2016-11-10,1534.1657458563536
2016-11-11,1534.1657458563536
2016-11-12,1534.1657458563536
2016-11-13,1534.1657458563536
2016-11-14,1534.1657458563536
2016-11-15,1534.1657458563536
2016-11-16,1534.1657458563536
2016-11-17,1534.1657458563536
2016-11-18,1534.1657458563536
2016-11-19,1534.1657458563536
2016-11-20,1534.1657458563536
2016-11-21,1534.1657458563536
2016-11-22,1534.1657458563536
2016-11-23,1534.1657458563536
2016-11-24,1534.1657458563536
2016-11-25,1534.1657458563536
2016-11-26,1534.1657458563536
2016-11-27,1534.1657458563536
2016-11-28,1534.1657458563536
2016-11-29,1534.1657458563536
2016-11-30,1534.1657458563536
2016-12-01,1534.1657458563536
2016-12-02,1534.1657458563536
2016-12-03,1534.1657458563536
2016-12-04,1534.1657458563536
2016-12-05,1534.1657458563536
2016-12-06,1534.1657458563536
2016-12-07,1534.1657458563536
2016-12-08,1534.1657458563536
2016-12-09,1534.1657458563536
2016-12-10,1534.1657458563536
2016-12-11,1534.1657458563536
2016-12-12,1534.1657458563536
2016-12-13,1534.1657458563536
2016-12-14,1534.1657458563536
2016-12-15,1534.1657458563536
2016-12-16,1534.1657458563536
2016-12-17,1534.1657458563536
2016-12-18,1534.1657458563536
2016-12-19,1534.1657458563536
2016-12-20,1534.1657458563536
2016-12-21,1534.1657458563536
2016-12-22,1534.1657458563536
2016-12-23,1534.1657458563536
2016-12-24,1534.1657458563536
2016-12-25,1534.1657458563536
2016-12-26,1534.1657458563536
2016-12-27,1534.1657458563536
2016-12-28,1534.1657458563536
2016-12-29,1534.1657458563536
2016-12-30,1534.1657458563536
2016-12-31,1534.1657458563536
2017-01-01,1534.1657458563536
2017-01-02,1534.1657458563536
2017-01-03,1534.1657458563536
2017-01-04,1534.1657458563536
2017-01-05,1534.1657458563536
2017-01-06,1534.1657458563536
2017-01-07,1534.1657458563536
2017-01-08,1534.1657458563536
2017-01-09,1534.1657458563536
2017-01-10,1534.1657458563536
2017-01-11,1534.1657458563536
2017-01-12,1534.1657458563536
2017-01-13,1534.1657458563536
2017-01-14,1534.1657458563536
2017-01-15,1534.1657458563536
2017-01-16,1534.1657458563536
2017-01-17,1534.1657458563536
2017-01-18,1534.1657458563536
2017-01-19,1534.1657458563536
2017-01-20,1534.1657458563536
2017-01-21,1534.1657458563536
2017-01-22,1534.1657458563536
2017-01-23,1534.1657458563536
2017-01-24,1534.1657458563536
2017-01-25,1534.1657458563536
2017-01-26,1534.1657458563536
2017-01-27,1534.1657458563536
2017-01-28,1534.1657458563536
2017-01-29,1534.1657458563536
2017-01-30,1534.1657458563536
2017-01-31,1534.1657458563536
2017-02-01,1534.1657458563536
2017-02-02,1534.1657458563536
2017-02-03,1534.1657458563536
2017-02-04,1534.1657458563536
2017-02-05,1534.1657458563536
2017-02-06,1534.1657458563536
2017-02-07,1534.1657458563536
2017-02-08,1534.1657458563536
2017-02-09,1534.1657458563536
2017-02-10,1534.1657458563536
2017-02-11,1534.1657458563536
2017-02-12,1534.1657458563536
2017-02-13,1534.1657458563536
2017-02-14,1534.1657458563536
2017-02-15,1534.1657458563536
2017-02-16,1534.1657458563536
2017-02-17,1534.1657458563536
2017-02-18,1534.1657458563536
2017-02-19,1534.1657458563536
2017-02-20,1534.1657458563536
2017-02-21,1534.1657458563536
2017-02-22,1534.1657458563536
2017-02-23,1534.1657458563536
2017-02-24,1534.1657458563536
2017-02-25,1534.1657458563536
2017-02-26,1534.1657458563536
2017-02-27,1534.1657458563536
2017-02-28,1534.1657458563536
2017-03-01,1534.1657458563536
2017-03-02,1534.1657458563536
2017-03-03,1534.1657458563536
2017-03-04,1534.1657458563536
2017-03-05,1534.1657458563536
2017-03-06,1534.1657458563536
2017-03-07,1534.1657458563536
2017-03-08,1534.1657458563536
2017-03-09,1534.1657458563536
2017-03-10,1534.1657458563536
2017-03-11,1534.1657458563536
2017-03-12,1534.1657458563536
2017-03-13,1534.1657458563536
2017-03-14,1534.1657458563536
2017-03-15,1534.1657458563536
2017-03-16,1534.1657458563536
2017-03-17,1534.1657458563536
2017-03-18,1534.1657458563536
2017-03-19,1534.1657458563536
2017-03-20,1534.1657458563536
2017-03-21,1534.1657458563536
2017-03-22,1534.1657458563536
2017-03-23,1534.1657458563536
2017-03-24,1534.1657458563536
2017-03-25,1534.1657458563536
2017-03-26,1534.1657458563536
2017-03-27,1534.1657458563536
2017-03-28,1534.1657458563536
2017-03-29,1534.1657458563536
2017-03-30,1534.1657458563536
2017-03-31,1534.1657458563536
2017-04-01,1534.1657458563536
2017-04-02,1534.1657458563536
2017-04-03,1534.1657458563536
2017-04-04,1534.1657458563536
2017-04-05,1534.1657458563536
2017-04-06,1534.1657458563536
2017-04-07,1534.1657458563536
2017-04-08,1534.1657458563536
2017-04-09,1534.1657458563536
2017-04-10,1534.1657458563536
2017-04-11,1534.1657458563536
2017-04-12,1534.1657458563536
2017-04-13,1534.1657458563536
2017-04-14,1534.1657458563536
2017-04-15,1534.1657458563536
2017-04-16,1534.1657458563536
2017-04-17,1534.1657458563536
2017-04-18,1534.1657458563536
2017-04-19,1534.1657458563536
2017-04-20,1534.1657458563536
2017-04-21,1534.1657458563536
2017-04-22,1534.1657458563536
2017-04-23,1534.1657458563536
2017-04-24,1534.1657458563536
2017-04-25,1534.1657458563536
2017-04-26,1534.1657458563536
2017-04-27,1534.1657458563536
2017-04-28,1534.1657458563536
2017-04-29,1534.1657458563536
2017-04-30,1534.1657458563536
2017-05-01,2351.9184782608695
2017-05-02,2351.9184782608695
2017-05-03,2351.9184782608695
2017-05-04,2351.9184782608695
2017-05-05,2351.9184782608695
2017-05-06,2351.9184782608695
2017-05-07,2351.9184782608695
2017-05-08,2351.9184782608695
2017-05-09,2351.9184782608695
2017-05-10,2351.9184782608695
2017-05-11,2351.9184782608695
2017-05-12,2351.9184782608695
2017-05-13,2351.9184782608695
2017-05-14,2351.9184782608695
2017-05-15,2351.9184782608695
2017-05-16,2351.9184782608695
2017-05-17,2351.9184782608695
2017-05-18,2351.9184782608695
2017-05-19,2351.9184782608695
2017-05-20,2351.9184782608695
2017-05-21,2351.9184782608695
2017-05-22,2351.9184782608695
2017-05-23,2351.9184782608695
2017-05-24,2351.9184782608695
2017-05-25,2351.9184782608695
2017-05-26,2351.9184782608695
2017-05-27,2351.9184782608695
2017-05-28,2351.9184782608695
2017-05-29,2351.9184782608695
2017-05-30,2351.9184782608695
2017-05-31,2351.9184782608695
2017-06-01,2351.9184782608695
2017-06-02,2351.9184782608695
2017-06-03,2351.9184782608695
2017-06-04,2351.9184782608695
2017-06-05,2351.9184782608695
2017-06-06,2351.9184782608695
2017-06-07,2351.9184782608695
2017-06-08,2351.9184782608695
2017-06-09,2351.9184782608695
2017-06-10,2351.9184782608695
2017-06-11,2351.9184782608695
2017-06-12,2351.9184782608695
2017-06-13,2351.9184782608695
2017-06-14,2351.9184782608695
2017-06-15,2351.9184782608695
2017-06-16,2351.9184782608695
2017-06-17,2351.9184782608695
2017-06-18,2351.9184782608695
2017-06-19,2351.9184782608695
2017-06-20,2351.9184782608695
2017-06-21,2351.9184782608695
2017-06-22,2351.9184782608695
2017-06-23,2351.9184782608695
2017-06-24,2351.9184782608695
2017-06-25,2351.9184782608695
2017-06-26,2351.9184782608695
2017-06-27,2351.9184782608695
2017-06-28,2351.9184782608695
2017-06-29,2351.9184782608695
2017-06-30,2351.9184782608695
2017-07-01,2351.9184782608695
2017-07-02,2351.9184782608695
2017-07-03,2351.9184782608695
2017-07-04,2351.9184782608695
2017-07-05,2351.9184782608695
2017-07-06,2351.9184782608695
2017-07-07,2351.9184782608695
2017-07-08,2351.9184782608695
2017-07-09,2351.9184782608695
2017-07-10,2351.9184782608695
2017-07-11,2351.9184782608695
2017-07-12,2351.9184782608695
2017-07-13,2351.9184782608695
2017-07-14,2351.9184782608695
2017-07-15,2351.9184782608695
2017-07-16,2351.9184782608695
2017-07-17,2351.9184782608695
2017-07-18,2351.9184782608695
2017-07-19,2351.9184782608695
2017-07-20,2351.9184782608695
2017-07-21,2351.9184782608695
2017-07-22,2351.9184782608695
2017-07-23,2351.9184782608695
2017-07-24,2351.9184782608695
2017-07-25,2351.9184782608695
2017-07-26,2351.9184782608695
2017-07-27,2351.9184782608695
2017-07-28,2351.9184782608695
2017-07-29,2351.9184782608695
2017-07-30,2351.9184782608695
2017-07-31,2351.9184782608695
2017-08-01,2351.9184782608695
2017-08-02,2351.9184782608695
2017-08-03,2351.9184782608695
2017-08-04,2351.9184782608695
2017-08-05,2351.9184782608695
2017-08-06,2351.9184782608695
2017-08-07,2351.9184782608695
2017-08-08,2351.9184782608695
2017-08-09,2351.9184782608695
2017-08-10,2351.9184782608695
2017-08-11,2351.9184782608695
2017-08-12,2351.9184782608695
2017-08-13,2351.9184782608695
2017-08-14,2351.9184782608695
2017-08-15,2351.9184782608695
2017-08-16,2351.9184782608695
2017-08-17,2351.9184782608695
2017-08-18,2351.9184782608695
2017-08-19,2351.9184782608695
2017-08-20,2351.9184782608695
2017-08-21,2351.9184782608695
2017-08-22,2351.9184782608695
2017-08-23,2351.9184782608695
2017-08-24,2351.9184782608695
2017-08-25,2351.9184782608695
2017-08-26,2351.9184782608695
2017-08-27,2351.9184782608695
2017-08-28,2351.9184782608695
2017-08-29,2351.9184782608695
2017-08-30,2351.9184782608695
2017-08-31,2351.9184782608695
2017-09-01,2351.9184782608695
2017-09-02,2351.9184782608695
2017-09-03,2351.9184782608695
2017-09-04,2351.9184782608695
2017-09-05,2351.9184782608695
2017-09-06,2351.9184782608695
2017-09-07,2351.9184782608695
2017-09-08,2351.9184782608695
2017-09-09,2351.9184782608695
2017-09-10,2351.9184782608695
2017-09-11,2351.9184782608695
2017-09-12,2351.9184782608695
2017-09-13,2351.9184782608695
2017-09-14,2351.9184782608695
2017-09-15,2351.9184782608695
2017-09-16,2351.9184782608695
2017-09-17,2351.9184782608695
2017-09-18,2351.9184782608695
2017-09-19,2351.9184782608695
2017-09-20,2351.9184782608695
2017-09-21,2351.9184782608695
2017-09-22,2351.9184782608695
2017-09-23,2351.9184782608695
2017-09-24,2351.9184782608695
2017-09-25,2351.9184782608695
2017-09-26,2351.9184782608695
2017-09-27,2351.9184782608695
2017-09-28,2351.9184782608695
2017-09-29,2351.9184782608695
2017-09-30,2351.9184782608695
2017-10-01,2351.9184782608695
2017-10-02,2351.9184782608695
2017-10-03,2351.9184782608695
2017-10-04,2351.9184782608695
2017-10-05,2351.9184782608695
2017-10-06,2351.9184782608695
2017-10-07,2351.9184782608695
2017-10-08,2351.9184782608695
2017-10-09,2351.9184782608695
2017-10-10,2351.9184782608695
2017-10-11,2351.9184782608695
2017-10-12,2351.9184782608695
2017-10-13,2351.9184782608695
2017-10-14,2351.9184782608695
2017-10-15,2351.9184782608695
2017-10-16,2351.9184782608695
2017-10-17,2351.9184782608695
2017-10-18,2351.9184782608695
2017-10-19,2351.9184782608695
2017-10-20,2351.9184782608695
2017-10-21,2351.9184782608695
2017-10-22,2351.9184782608695
2017-10-23,2351.9184782608695
2017-10-24,2351.9184782608695
2017-10-25,2351.9184782608695
2017-10-26,2351.9184782608695
2017-10-27,2351.9184782608695
2017-10-28,2351.9184782608695
2017-10-29,2351.9184782608695
2017-10-30,2351.9184782608695
2017-10-31,2351.9184782608695
2017-11-01,1737.1602209944751
2017-11-02,1737.1602209944751
2017-11-03,1737.1602209944751
2017-11-04,1737.1602209944751
2017-11-05,1737.1602209944751
2017-11-06,1737.1602209944751
2017-11-07,1737.1602209944751
2017-11-08,1737.1602209944751
2017-11-09,1737.1602209944751
2017-11-10,1737.1602209944751
2017-11-11,1737.1602209944751
2017-11-12,1737.1602209944751
2017-11-13,1737.1602209944751
2017-11-14,1737.1602209944751
2017-11-15,1737.1602209944751
2017-11-16,1737.1602209944751
2017-11-17,1737.1602209944751
2017-11-18,1737.1602209944751
2017-11-19,1737.1602209944751
2017-11-20,1737.1602209944751
2017-11-21,1737.1602209944751
2017-11-22,1737.1602209944751
2017-11-23,1737.1602209944751
2017-11-24,1737.1602209944751
2017-11-25,1737.1602209944751
2017-11-26,1737.1602209944751
2017-11-27,1737.1602209944751
2017-11-28,1737.1602209944751
2017-11-29,1737.1602209944751
2017-11-30,1737.1602209944751
2017-12-01,1737.1602209944751
2017-12-02,1737.1602209944751
2017-12-03,1737.1602209944751
2017-12-04,1737.1602209944751
2017-12-05,1737.1602209944751
2017-12-06,1737.1602209944751
2017-12-07,1737.1602209944751
2017-12-08,1737.1602209944751
2017-12-09,1737.1602209944751
2017-12-10,1737.1602209944751
2017-12-11,1737.1602209944751
2017-12-12,1737.1602209944751
2017-12-13,1737.1602209944751
2017-12-14,1737.1602209944751
2017-12-15,1737.1602209944751
2017-12-16,1737.1602209944751
2017-12-17,1737.1602209944751
2017-12-18,1737.1602209944751
2017-12-19,1737.1602209944751
2017-12-20,1737.1602209944751
2017-12-21,1737.1602209944751
2017-12-22,1737.1602209944751
2017-12-23,1737.1602209944751
2017-12-24,1737.1602209944751
2017-12-25,1737.1602209944751
2017-12-26,1737.1602209944751
2017-12-27,1737.1602209944751
2017-12-28,1737.1602209944751
2017-12-29,1737.1602209944751
2017-12-30,1737.1602209944751
2017-12-31,1737.1602209944751
2018-01-01,1737.1602209944751
2018-01-02,1737.1602209944751
2018-01-03,1737.1602209944751
2018-01-04,1737.1602209944751
2018-01-05,1737.1602209944751
2018-01-06,1737.1602209944751
2018-01-07,1737.1602209944751
2018-01-08,1737.1602209944751
2018-01-09,1737.1602209944751
2018-01-10,1737.1602209944751
2018-01-11,1737.1602209944751
2018-01-12,1737.1602209944751
2018-01-13,1737.1602209944751
2018-01-14,1737.1602209944751
2018-01-15,1737.1602209944751
2018-01-16,1737.1602209944751
2018-01-17,1737.1602209944751
2018-01-18,1737.1602209944751
2018-01-19,1737.1602209944751
2018-01-20,1737.1602209944751
2018-01-21,1737.1602209944751
2018-01-22,1737.1602209944751
2018-01-23,1737.1602209944751
2018-01-24,1737.1602209944751
2018-01-25,1737.1602209944751
2018-01-26,1737.1602209944751
2018-01-27,1737.1602209944751
2018-01-28,1737.1602209944751
2018-01-29,1737.1602209944751
2018-01-30,1737.1602209944751
2018-01-31,1737.1602209944751
2018-02-01,1737.1602209944751
2018-02-02,1737.1602209944751
2018-02-03,1737.1602209944751
2018-02-04,1737.1602209944751
2018-02-05,1737.1602209944751
2018-02-06,1737.1602209944751
2018-02-07,1737.1602209944751
2018-02-08,1737.1602209944751
2018-02-09,1737.1602209944751
2018-02-10,1737.1602209944751
2018-02-11,1737.1602209944751
2018-02-12,1737.1602209944751
2018-02-13,1737.1602209944751
2018-02-14,1737.1602209944751
2018-02-15,1737.1602209944751
2018-02-16,1737.1602209944751
2018-02-17,1737.1602209944751
2018-02-18,1737.1602209944751
2018-02-19,1737.1602209944751
2018-02-20,1737.1602209944751
2018-02-21,1737.1602209944751
2018-02-22,1737.1602209944751
2018-02-23,1737.1602209944751
2018-02-24,1737.1602209944751
2018-02-25,1737.1602209944751
2018-02-26,1737.1602209944751
2018-02-27,1737.1602209944751
2018-02-28,1737.1602209944751
2018-03-01,1737.1602209944751
2018-03-02,1737.1602209944751
2018-03-03,1737.1602209944751
2018-03-04,1737.1602209944751
2018-03-05,1737.1602209944751
2018-03-06,1737.1602209944751
2018-03-07,1737.1602209944751
2018-03-08,1737.1602209944751
2018-03-09,1737.1602209944751
2018-03-10,1737.1602209944751
2018-03-11,1737.1602209944751
2018-03-12,1737.1602209944751
2018-03-13,1737.1602209944751
2018-03-14,1737.1602209944751
2018-03-15,1737.1602209944751
2018-03-16,1737.1602209944751
2018-03-17,1737.1602209944751
2018-03-18,1737.1602209944751
2018-03-19,1737.1602209944751
2018-03-20,1737.1602209944751
2018-03-21,1737.1602209944751
2018-03-22,1737.1602209944751
2018-03-23,1737.1602209944751
2018-03-24,1737.1602209944751
2018-03-25,1737.1602209944751
2018-03-26,1737.1602209944751
2018-03-27,1737.1602209944751
2018-03-28,1737.1602209944751
2018-03-29,1737.1602209944751
2018-03-30,1737.1602209944751
2018-03-31,1737.1602209944751
2018-04-01,1737.1602209944751
2018-04-02,1737.1602209944751
2018-04-03,1737.1602209944751
2018-04-04,1737.1602209944751
2018-04-05,1737.1602209944751
2018-04-06,1737.1602209944751
2018-04-07,1737.1602209944751
2018-04-08,1737.1602209944751
2018-04-09,1737.1602209944751
2018-04-10,1737.1602209944751
2018-04-11,1737.1602209944751
2018-04-12,1737.1602209944751
2018-04-13,1737.1602209944751
2018-04-14,1737.1602209944751
2018-04-15,1737.1602209944751
2018-04-16,1737.1602209944751
2018-04-17,1737.1602209944751
2018-04-18,1737.1602209944751
2018-04-19,1737.1602209944751
2018-04-20,1737.1602209944751
2018-04-21,1737.1602209944751
2018-04-22,1737.1602209944751
2018-04-23,1737.1602209944751
2018-04-24,1737.1602209944751
2018-04-25,1737.1602209944751
2018-04-26,1737.1602209944751
2018-04-27,1737.1602209944751
2018-04-28,1737.1602209944751
2018-04-29,1737.1602209944751
2018-04-30,1737.1602209944751
2018-05-01,2611.4945652173915
2018-05-02,2611.4945652173915
2018-05-03,2611.4945652173915
2018-05-04,2611.4945652173915
2018-05-05,2611.4945652173915
2018-05-06,2611.4945652173915
2018-05-07,2611.4945652173915
2018-05-08,2611.4945652173915
2018-05-09,2611.4945652173915
2018-05-10,2611.4945652173915
2018-05-11,2611.4945652173915
2018-05-12,2611.4945652173915
2018-05-13,2611.4945652173915
2018-05-14,2611.4945652173915
2018-05-15,2611.4945652173915
2018-05-16,2611.4945652173915
2018-05-17,2611.4945652173915
2018-05-18,2611.4945652173915
2018-05-19,2611.4945652173915
2018-05-20,2611.4945652173915
2018-05-21,2611.4945652173915
2018-05-22,2611.4945652173915
2018-05-23,2611.4945652173915
2018-05-24,2611.4945652173915
2018-05-25,2611.4945652173915
2018-05-26,2611.4945652173915
2018-05-27,2611.4945652173915
2018-05-28,2611.4945652173915
2018-05-29,2611.4945652173915
2018-05-30,2611.4945652173915
2018-05-31,2611.4945652173915
2018-06-01,2611.4945652173915
2018-06-02,2611.4945652173915
2018-06-03,2611.4945652173915
2018-06-04,2611.4945652173915
2018-06-05,2611.4945652173915
2018-06-06,2611.4945652173915
2018-06-07,2611.4945652173915
2018-06-08,2611.4945652173915
2018-06-09,2611.4945652173915
2018-06-10,2611.4945652173915
2018-06-11,2611.4945652173915
2018-06-12,2611.4945652173915
2018-06-13,2611.4945652173915
2018-06-14,2611.4945652173915
2018-06-15,2611.4945652173915
2018-06-16,2611.4945652173915
2018-06-17,2611.4945652173915
2018-06-18,2611.4945652173915
2018-06-19,2611.4945652173915
2018-06-20,2611.4945652173915
2018-06-21,2611.4945652173915
2018-06-22,2611.4945652173915
2018-06-23,2611.4945652173915
2018-06-24,2611.4945652173915
2018-06-25,2611.4945652173915
2018-06-26,2611.4945652173915
2018-06-27,2611.4945652173915
2018-06-28,2611.4945652173915
2018-06-29,2611.4945652173915
2018-06-30,2611.4945652173915
2018-07-01,2611.4945652173915
2018-07-02,2611.4945652173915
2018-07-03,2611.4945652173915
2018-07-04,2611.4945652173915
2018-07-05,2611.4945652173915
2018-07-06,2611.4945652173915
2018-07-07,2611.4945652173915
2018-07-08,2611.4945652173915
2018-07-09,2611.4945652173915
2018-07-10,2611.4945652173915
2018-07-11,2611.4945652173915
2018-07-12,2611.4945652173915
2018-07-13,2611.4945652173915
2018-07-14,2611.4945652173915
2018-07-15,2611.4945652173915
2018-07-16,2611.4945652173915
2018-07-17,2611.4945652173915
2018-07-18,2611.4945652173915
2018-07-19,2611.4945652173915
2018-07-20,2611.4945652173915
2018-07-21,2611.4945652173915
2018-07-22,2611.4945652173915
2018-07-23,2611.4945652173915
2018-07-24,2611.4945652173915
2018-07-25,2611.4945652173915
2018-07-26,2611.4945652173915
2018-07-27,2611.4945652173915
2018-07-28,2611.4945652173915
2018-07-29,2611.4945652173915
2018-07-30,2611.4945652173915
2018-07-31,2611.4945652173915
2018-08-01,2611.4945652173915
2018-08-02,2611.4945652173915
2018-08-03,2611.4945652173915
2018-08-04,2611.4945652173915
2018-08-05,2611.4945652173915
2018-08-06,2611.4945652173915
2018-08-07,2611.4945652173915
2018-08-08,2611.4945652173915
2018-08-09,2611.4945652173915
2018-08-10,2611.4945652173915
2018-08-11,2611.4945652173915
2018-08-12,2611.4945652173915
2018-08-13,2611.4945652173915
2018-08-14,2611.4945652173915
2018-08-15,2611.4945652173915
2018-08-16,2611.4945652173915
2018-08-17,2611.4945652173915
2018-08-18,2611.4945652173915
2018-08-19,2611.4945652173915
2018-08-20,2611.4945652173915
2018-08-21,2611.4945652173915
2018-08-22,2611.4945652173915
2018-08-23,2611.4945652173915
2018-08-24,2611.4945652173915
2018-08-25,2611.4945652173915
2018-08-26,2611.4945652173915
2018-08-27,2611.4945652173915
2018-08-28,2611.4945652173915
2018-08-29,2611.4945652173915
2018-08-30,2611.4945652173915
2018-08-31,2611.4945652173915
2018-09-01,2611.4945652173915
2018-09-02,2611.4945652173915
2018-09-03,2611.4945652173915
2018-09-04,2611.4945652173915
2018-09-05,2611.4945652173915
2018-09-06,2611.4945652173915
2018-09-07,2611.4945652173915
2018-09-08,2611.4945652173915
2018-09-09,2611.4945652173915
2018-09-10,2611.4945652173915
2018-09-11,2611.4945652173915
2018-09-12,2611.4945652173915
2018-09-13,2611.4945652173915
2018-09-14,2611.4945652173915
2018-09-15,2611.4945652173915
2018-09-16,2611.4945652173915
2018-09-17,2611.4945652173915
2018-09-18,2611.4945652173915
2018-09-19,2611.4945652173915
2018-09-20,2611.4945652173915
2018-09-21,2611.4945652173915
2018-09-22,2611.4945652173915
2018-09-23,2611.4945652173915
2018-09-24,2611.4945652173915
2018-09-25,2611.4945652173915
2018-09-26,2611.4945652173915
2018-09-27,2611.4945652173915
2018-09-28,2611.4945652173915
2018-09-29,2611.4945652173915
2018-09-30,2611.4945652173915
2018-10-01,2611.4945652173915
2018-10-02,2611.4945652173915
2018-10-03,2611.4945652173915
2018-10-04,2611.4945652173915
2018-10-05,2611.4945652173915
2018-10-06,2611.4945652173915
2018-10-07,2611.4945652173915
2018-10-08,2611.4945652173915
2018-10-09,2611.4945652173915
2018-10-10,2611.4945652173915
2018-10-11,2611.4945652173915
2018-10-12,2611.4945652173915
2018-10-13,2611.4945652173915
2018-10-14,2611.4945652173915
2018-10-15,2611.4945652173915
2018-10-16,2611.4945652173915
2018-10-17,2611.4945652173915
2018-10-18,2611.4945652173915
2018-10-19,2611.4945652173915
2018-10-20,2611.4945652173915
2018-10-21,2611.4945652173915
2018-10-22,2611.4945652173915
2018-10-23,2611.4945652173915
2018-10-24,2611.4945652173915
2018-10-25,2611.4945652173915
2018-10-26,2611.4945652173915
2018-10-27,2611.4945652173915
2018-10-28,2611.4945652173915
2018-10-29,2611.4945652173915
2018-10-30,2611.4945652173915
2018-10-31,2611.4945652173915
2018-11-01,1899.3314917127072
2018-11-02,1899.3314917127072
2018-11-03,1899.3314917127072
2018-11-04,1899.3314917127072
2018-11-05,1899.3314917127072
2018-11-06,1899.3314917127072
2018-11-07,1899.3314917127072
2018-11-08,1899.3314917127072
2018-11-09,1899.3314917127072
2018-11-10,1899.3314917127072
2018-11-11,1899.3314917127072
2018-11-12,1899.3314917127072
2018-11-13,1899.3314917127072
2018-11-14,1899.3314917127072
2018-11-15,1899.3314917127072
2018-11-16,1899.3314917127072
2018-11-17,1899.3314917127072
2018-11-18,1899.3314917127072
2018-11-19,1899.3314917127072
2018-11-20,1899.3314917127072
2018-11-21,1899.3314917127072
2018-11-22,1899.3314917127072
2018-11-23,1899.3314917127072
2018-11-24,1899.3314917127072
2018-11-25,1899.3314917127072
2018-11-26,1899.3314917127072
2018-11-27,1899.3314917127072
2018-11-28,1899.3314917127072
2018-11-29,1899.3314917127072
2018-11-30,1899.3314917127072
2018-12-01,1899.3314917127072
2018-12-02,1899.3314917127072
2018-12-03,1899.3314917127072
2018-12-04,1899.3314917127072
2018-12-05,1899.3314917127072
2018-12-06,1899.3314917127072
2018-12-07,1899.3314917127072
2018-12-08,1899.3314917127072
2018-12-09,1899.3314917127072
2018-12-10,1899.3314917127072
2018-12-11,1899.3314917127072
2018-12-12,1899.3314917127072
2018-12-13,1899.3314917127072
2018-12-14,1899.3314917127072
2018-12-15,1899.3314917127072
2018-12-16,1899.3314917127072
2018-12-17,1899.3314917127072
2018-12-18,1899.3314917127072
2018-12-19,1899.3314917127072
2018-12-20,1899.3314917127072
2018-12-21,1899.3314917127072
2018-12-22,1899.3314917127072
2018-12-23,1899.3314917127072
2018-12-24,1899.3314917127072
2018-12-25,1899.3314917127072
2018-12-26,1899.3314917127072
2018-12-27,1899.3314917127072
2018-12-28,1899.3314917127072
2018-12-29,1899.3314917127072
2018-12-30,1899.3314917127072
2018-12-31,1899.3314917127072
2019-01-01,1899.3314917127072
2019-01-02,1899.3314917127072
2019-01-03,1899.3314917127072
2019-01-04,1899.3314917127072
2019-01-05,1899.3314917127072
2019-01-06,1899.3314917127072
2019-01-07,1899.3314917127072
2019-01-08,1899.3314917127072
2019-01-09,1899.3314917127072
2019-01-10,1899.3314917127072
2019-01-11,1899.3314917127072
2019-01-12,1899.3314917127072
2019-01-13,1899.3314917127072
2019-01-14,1899.3314917127072
2019-01-15,1899.3314917127072
2019-01-16,1899.3314917127072
2019-01-17,1899.3314917127072
2019-01-18,1899.3314917127072
2019-01-19,1899.3314917127072
2019-01-20,1899.3314917127072
2019-01-21,1899.3314917127072
2019-01-22,1899.3314917127072
2019-01-23,1899.3314917127072
2019-01-24,1899.3314917127072
2019-01-25,1899.3314917127072
2019-01-26,1899.3314917127072
2019-01-27,1899.3314917127072
2019-01-28,1899.3314917127072
2019-01-29,1899.3314917127072
2019-01-30,1899.3314917127072
2019-01-31,1899.3314917127072
2019-02-01,1899.3314917127072
2019-02-02,1899.3314917127072
2019-02-03,1899.3314917127072
2019-02-04,1899.3314917127072
2019-02-05,1899.3314917127072
2019-02-06,1899.3314917127072
2019-02-07,1899.3314917127072
2019-02-08,1899.3314917127072
2019-02-09,1899.3314917127072
2019-02-10,1899.3314917127072
2019-02-11,1899.3314917127072
2019-02-12,1899.3314917127072
2019-02-13,1899.3314917127072
2019-02-14,1899.3314917127072
2019-02-15,1899.3314917127072
2019-02-16,1899.3314917127072
2019-02-17,1899.3314917127072
2019-02-18,1899.3314917127072
2019-02-19,1899.3314917127072
2019-02-20,1899.3314917127072
2019-02-21,1899.3314917127072
2019-02-22,1899.3314917127072
2019-02-23,1899.3314917127072
2019-02-24,1899.3314917127072
2019-02-25,1899.3314917127072
2019-02-26,1899.3314917127072
2019-02-27,1899.3314917127072
2019-02-28,1899.3314917127072
2019-03-01,1899.3314917127072
2019-03-02,1899.3314917127072
2019-03-03,1899.3314917127072
2019-03-04,1899.3314917127072
2019-03-05,1899.3314917127072
2019-03-06,1899.3314917127072
2019-03-07,1899.3314917127072
2019-03-08,1899.3314917127072
2019-03-09,1899.3314917127072
2019-03-10,1899.3314917127072
2019-03-11,1899.3314917127072
2019-03-12,1899.3314917127072
2019-03-13,1899.3314917127072
2019-03-14,1899.3314917127072
2019-03-15,1899.3314917127072
2019-03-16,1899.3314917127072
2019-03-17,1899.3314917127072
2019-03-18,1899.3314917127072
2019-03-19,1899.3314917127072
2019-03-20,1899.3314917127072
2019-03-21,1899.3314917127072
2019-03-22,1899.3314917127072
2019-03-23,1899.3314917127072
2019-03-24,1899.3314917127072
2019-03-25,1899.3314917127072
2019-03-26,1899.3314917127072
2019-03-27,1899.3314917127072
2019-03-28,1899.3314917127072
2019-03-29,1899.3314917127072
2019-03-30,1899.3314917127072
2019-03-31,1899.3314917127072
2019-04-01,1899.3314917127072
2019-04-02,1899.3314917127072
2019-04-03,1899.3314917127072
2019-04-04,1899.3314917127072
2019-04-05,1899.3314917127072
2019-04-06,1899.3314917127072
2019-04-07,1899.3314917127072
2019-04-08,1899.3314917127072
2019-04-09,1899.3314917127072
2019-04-10,1899.3314917127072
2019-04-11,1899.3314917127072
2019-04-12,1899.3314917127072
2019-04-13,1899.3314917127072
2019-04-14,1899.3314917127072
2019-04-15,1899.3314917127072
2019-04-16,1899.3314917127072
2019-04-17,1899.3314917127072
2019-04-18,1899.3314917127072
2019-04-19,1899.3314917127072
2019-04-20,1899.3314917127072
2019-04-21,1899.3314917127072
2019-04-22,1899.3314917127072
2019-04-23,1899.3314917127072
2019-04-24,1899.3314917127072
2019-04-25,1899.3314917127072
2019-04-26,1899.3314917127072
2019-04-27,1899.3314917127072
2019-04-28,1899.3314917127072
2019-04-29,1899.3314917127072
2019-04-30,1899.3314917127072
2019-05-01,2803.2934782608695
2019-05-02,2803.2934782608695
2019-05-03,2803.2934782608695
2019-05-04,2803.2934782608695
2019-05-05,2803.2934782608695
2019-05-06,2803.2934782608695
2019-05-07,2803.2934782608695
2019-05-08,2803.2934782608695
2019-05-09,2803.2934782608695
2019-05-10,2803.2934782608695
2019-05-11,2803.2934782608695
2019-05-12,2803.2934782608695
2019-05-13,2803.2934782608695
2019-05-14,2803.2934782608695
2019-05-15,2803.2934782608695
2019-05-16,2803.2934782608695
2019-05-17,2803.2934782608695
2019-05-18,2803.2934782608695
2019-05-19,2803.2934782608695
2019-05-20,2803.2934782608695
2019-05-21,2803.2934782608695
2019-05-22,2803.2934782608695
2019-05-23,2803.2934782608695
2019-05-24,2803.2934782608695
2019-05-25,2803.2934782608695
2019-05-26,2803.2934782608695
2019-05-27,2803.2934782608695
2019-05-28,2803.2934782608695
2019-05-29,2803.2934782608695
2019-05-30,2803.2934782608695
2019-05-31,2803.2934782608695
2019-06-01,2803.2934782608695
2019-06-02,2803.2934782608695
2019-06-03,2803.2934782608695
2019-06-04,2803.2934782608695
2019-06-05,2803.2934782608695
2019-06-06,2803.2934782608695
2019-06-07,2803.2934782608695
2019-06-08,2803.2934782608695
2019-06-09,2803.2934782608695
2019-06-10,2803.2934782608695
2019-06-11,2803.2934782608695
2019-06-12,2803.2934782608695
2019-06-13,2803.2934782608695
2019-06-14,2803.2934782608695
2019-06-15,2803.2934782608695
2019-06-16,2803.2934782608695
2019-06-17,2803.2934782608695
2019-06-18,2803.2934782608695
2019-06-19,2803.2934782608695
2019-06-20,2803.2934782608695
2019-06-21,2803.2934782608695
2019-06-22,2803.2934782608695
2019-06-23,2803.2934782608695
2019-06-24,2803.2934782608695
2019-06-25,2803.2934782608695
2019-06-26,2803.2934782608695
2019-06-27,2803.2934782608695
2019-06-28,2803.2934782608695
2019-06-29,2803.2934782608695
2019-06-30,2803.2934782608695
2019-07-01,2803.2934782608695
2019-07-02,2803.2934782608695
2019-07-03,2803.2934782608695
2019-07-04,2803.2934782608695
2019-07-05,2803.2934782608695
2019-07-06,2803.2934782608695
2019-07-07,2803.2934782608695
2019-07-08,2803.2934782608695
2019-07-09,2803.2934782608695
2019-07-10,2803.2934782608695
2019-07-11,2803.2934782608695
2019-07-12,2803.2934782608695
2019-07-13,2803.2934782608695
2019-07-14,2803.2934782608695
2019-07-15,2803.2934782608695
2019-07-16,2803.2934782608695
2019-07-17,2803.2934782608695
2019-07-18,2803.2934782608695
2019-07-19,2803.2934782608695
2019-07-20,2803.2934782608695
2019-07-21,2803.2934782608695
2019-07-22,2803.2934782608695
2019-07-23,2803.2934782608695
2019-07-24,2803.2934782608695
2019-07-25,2803.2934782608695
2019-07-26,2803.2934782608695
2019-07-27,2803.2934782608695
2019-07-28,2803.2934782608695
2019-07-29,2803.2934782608695
2019-07-30,2803.2934782608695
2019-07-31,2803.2934782608695
