Datum,Rohertrag_daily
2013-04-30,27974.2434520548
2013-05-01,27974.2434520548
2013-05-02,27974.2434520548
2013-05-03,27974.2434520548
2013-05-04,27974.2434520548
2013-05-05,27974.2434520548
2013-05-06,27974.2434520548
2013-05-07,27974.2434520548
2013-05-08,27974.2434520548
2013-05-09,27974.2434520548
2013-05-10,27974.2434520548
2013-05-11,27974.2434520548
2013-05-12,27974.2434520548
2013-05-13,27974.2434520548
2013-05-14,27974.2434520548
2013-05-15,27974.2434520548
2013-05-16,27974.2434520548
2013-05-17,27974.2434520548
2013-05-18,27974.2434520548
2013-05-19,27974.2434520548
2013-05-20,27974.2434520548
2013-05-21,27974.2434520548
2013-05-22,27974.2434520548
2013-05-23,27974.2434520548
2013-05-24,27974.2434520548
2013-05-25,27974.2434520548
2013-05-26,27974.2434520548
2013-05-27,27974.2434520548
2013-05-28,27974.2434520548
2013-05-29,27974.2434520548
2013-05-30,27974.2434520548
2013-05-31,27974.2434520548
2013-06-01,27974.2434520548
2013-06-02,27974.2434520548
2013-06-03,27974.2434520548
2013-06-04,27974.2434520548
2013-06-05,27974.2434520548
2013-06-06,27974.2434520548
2013-06-07,27974.2434520548
2013-06-08,27974.2434520548
2013-06-09,27974.2434520548
2013-06-10,27974.2434520548
2013-06-11,27974.2434520548
2013-06-12,27974.2434520548
2013-06-14,27974.2434520548
2013-06-15,27974.2434520548
2013-06-16,27974.2434520548
2013-06-17,27974.2434520548
2013-06-18,27974.2434520548
2013-06-19,27974.2434520548
2013-06-20,27974.2434520548
2013-06-21,27974.2434520548
2013-06-22,27974.2434520548
2013-06-23,27974.2434520548
2013-06-24,27974.2434520548
2013-06-25,27974.2434520548
2013-06-26,27974.2434520548
2013-06-27,27974.2434520548
2013-06-28,27974.2434520548
2013-06-29,27974.2434520548
2013-06-30,27974.2434520548
2013-07-01,27974.2434520548
2013-07-02,27974.2434520548
2013-07-03,27974.2434520548
2013-07-04,27974.2434520548
2013-07-05,27974.2434520548
2013-07-06,27974.2434520548
2013-07-07,27974.2434520548
2013-07-08,27974.2434520548
2013-07-09,27974.2434520548
2013-07-10,27974.2434520548
2013-07-11,27974.2434520548
2013-07-12,27974.2434520548
2013-07-13,27974.2434520548
2013-07-14,27974.2434520548
2013-07-15,27974.2434520548
2013-07-16,27974.2434520548
2013-07-17,27974.2434520548
2013-07-18,27974.2434520548
2013-07-19,27974.2434520548
2013-07-20,27974.2434520548
2013-07-21,27974.2434520548
2013-07-22,27974.2434520548
2013-07-23,27974.2434520548
2013-07-24,27974.2434520548
2013-07-25,27974.2434520548
2013-07-26,27974.2434520548
2013-07-27,27974.2434520548
2013-07-28,27974.2434520548
2013-07-29,27974.2434520548
2013-07-30,27974.2434520548
2013-07-31,27974.2434520548
2013-08-01,27974.2434520548
2013-08-02,27974.2434520548
2013-08-03,27974.2434520548
2013-08-04,27974.2434520548
2013-08-05,27974.2434520548
2013-08-06,27974.2434520548
2013-08-07,27974.2434520548
2013-08-08,27974.2434520548
2013-08-09,27974.2434520548
2013-08-10,27974.2434520548
2013-08-11,27974.2434520548
2013-08-12,27974.2434520548
2013-08-13,27974.2434520548
2013-08-14,27974.2434520548
2013-08-15,27974.2434520548
2013-08-16,27974.2434520548
2013-08-17,27974.2434520548
2013-08-18,27974.2434520548
2013-08-19,27974.2434520548
2013-08-20,27974.2434520548
2013-08-21,27974.2434520548
2013-08-22,27974.2434520548
2013-08-23,27974.2434520548
2013-08-24,27974.2434520548
2013-08-25,27974.2434520548
2013-08-26,27974.2434520548
2013-08-27,27974.2434520548
2013-08-28,27974.2434520548
2013-08-29,27974.2434520548
2013-08-30,27974.2434520548
2013-08-31,27974.2434520548
2013-09-01,27974.2434520548
2013-09-02,27974.2434520548
2013-09-03,27974.2434520548
2013-09-04,27974.2434520548
2013-09-05,27974.2434520548
2013-09-06,27974.2434520548
2013-09-07,27974.2434520548
2013-09-08,27974.2434520548
2013-09-09,27974.2434520548
2013-09-10,27974.2434520548
2013-09-11,27974.2434520548
2013-09-12,27974.2434520548
2013-09-13,27974.2434520548
2013-09-14,27974.2434520548
2013-09-15,27974.2434520548
2013-09-16,27974.2434520548
2013-09-17,27974.2434520548
2013-09-18,27974.2434520548
2013-09-19,27974.2434520548
2013-09-20,27974.2434520548
2013-09-21,27974.2434520548
2013-09-22,27974.2434520548
2013-09-23,27974.2434520548
2013-09-24,27974.2434520548
2013-09-25,27974.2434520548
2013-09-26,27974.2434520548
2013-09-27,27974.2434520548
2013-09-28,27974.2434520548
2013-09-29,27974.2434520548
2013-09-30,27974.2434520548
2013-10-01,27974.2434520548
2013-10-02,27974.2434520548
2013-10-03,27974.2434520548
2013-10-04,27974.2434520548
2013-10-05,27974.2434520548
2013-10-06,27974.2434520548
2013-10-07,27974.2434520548
2013-10-08,27974.2434520548
2013-10-09,27974.2434520548
2013-10-10,27974.2434520548
2013-10-11,27974.2434520548
2013-10-12,27974.2434520548
2013-10-13,27974.2434520548
2013-10-14,27974.2434520548
2013-10-15,27974.2434520548
2013-10-16,27974.2434520548
2013-10-17,27974.2434520548
2013-10-18,27974.2434520548
2013-10-19,27974.2434520548
2013-10-20,27974.2434520548
2013-10-21,27974.2434520548
2013-10-22,27974.2434520548
2013-10-23,27974.2434520548
2013-10-24,27974.2434520548
2013-10-25,27974.2434520548
2013-10-26,27974.2434520548
2013-10-27,27974.2434520548
2013-10-28,27974.2434520548
2013-10-29,27974.2434520548
2013-10-30,27974.2434520548
2013-10-31,27974.2434520548
2013-11-01,27974.2434520548
2013-11-02,27974.2434520548
2013-11-03,27974.2434520548
2013-11-04,27974.2434520548
2013-11-05,27974.2434520548
2013-11-06,27974.2434520548
2013-11-07,27974.2434520548
2013-11-08,27974.2434520548
2013-11-09,27974.2434520548
2013-11-10,27974.2434520548
2013-11-11,27974.2434520548
2013-11-12,27974.2434520548
2013-11-13,27974.2434520548
2013-11-14,27974.2434520548
2013-11-15,27974.2434520548
2013-11-16,27974.2434520548
2013-11-17,27974.2434520548
2013-11-18,27974.2434520548
2013-11-19,27974.2434520548
2013-11-20,27974.2434520548
2013-11-21,27974.2434520548
2013-11-22,27974.2434520548
2013-11-23,27974.2434520548
2013-11-24,27974.2434520548
2013-11-25,27974.2434520548
2013-11-26,27974.2434520548
2013-11-27,27974.2434520548
2013-11-28,27974.2434520548
2013-11-29,27974.2434520548
2013-11-30,27974.2434520548
2013-12-01,27974.2434520548
2013-12-02,27974.2434520548
2013-12-03,27974.2434520548
2013-12-04,27974.2434520548
2013-12-05,27974.2434520548
2013-12-06,27974.2434520548
2013-12-07,27974.2434520548
2013-12-08,27974.2434520548
2013-12-09,27974.2434520548
2013-12-10,27974.2434520548
2013-12-11,27974.2434520548
2013-12-12,27974.2434520548
2013-12-13,27974.2434520548
2013-12-14,27974.2434520548
2013-12-15,27974.2434520548
2013-12-16,27974.2434520548
2013-12-17,27974.2434520548
2013-12-18,27974.2434520548
2013-12-19,27974.2434520548
2013-12-20,27974.2434520548
2013-12-21,27974.2434520548
2013-12-22,27974.2434520548
2013-12-23,27974.2434520548
2013-12-24,27974.2434520548
2013-12-25,27974.2434520548
2013-12-26,27974.2434520548
2013-12-27,27974.2434520548
2013-12-28,27974.2434520548
2013-12-29,27974.2434520548
2013-12-30,27974.2434520548
2013-12-31,27974.2434520548
2014-01-01,28088.0598356164
2014-01-02,28088.0598356164
2014-01-03,28088.0598356164
2014-01-04,28088.0598356164
2014-01-05,28088.0598356164
2014-01-06,28088.0598356164
2014-01-07,28088.0598356164
2014-01-08,28088.0598356164
2014-01-09,28088.0598356164
2014-01-10,28088.0598356164
2014-01-11,28088.0598356164
2014-01-12,28088.0598356164
2014-01-13,28088.0598356164
2014-01-14,28088.0598356164
2014-01-15,28088.0598356164
2014-01-16,28088.0598356164
2014-01-17,28088.0598356164
2014-01-18,28088.0598356164
2014-01-19,28088.0598356164
2014-01-20,28088.0598356164
2014-01-21,28088.0598356164
2014-01-22,28088.0598356164
2014-01-23,28088.0598356164
2014-01-24,28088.0598356164
2014-01-25,28088.0598356164
2014-01-26,28088.0598356164
2014-01-27,28088.0598356164
2014-01-28,28088.0598356164
2014-01-29,28088.0598356164
2014-01-30,28088.0598356164
2014-01-31,28088.0598356164
2014-02-01,28088.0598356164
2014-02-02,28088.0598356164
2014-02-03,28088.0598356164
2014-02-04,28088.0598356164
2014-02-05,28088.0598356164
2014-02-06,28088.0598356164
2014-02-07,28088.0598356164
2014-02-08,28088.0598356164
2014-02-09,28088.0598356164
2014-02-10,28088.0598356164
2014-02-11,28088.0598356164
2014-02-12,28088.0598356164
2014-02-13,28088.0598356164
2014-02-14,28088.0598356164
2014-02-15,28088.0598356164
2014-02-16,28088.0598356164
2014-02-17,28088.0598356164
2014-02-18,28088.0598356164
2014-02-19,28088.0598356164
2014-02-20,28088.0598356164
2014-02-21,28088.0598356164
2014-02-22,28088.0598356164
2014-02-23,28088.0598356164
2014-02-24,28088.0598356164
2014-02-25,28088.0598356164
2014-02-26,28088.0598356164
2014-02-27,28088.0598356164
2014-02-28,28088.0598356164
2014-03-01,28088.0598356164
2014-03-02,28088.0598356164
2014-03-03,28088.0598356164
2014-03-04,28088.0598356164
2014-03-05,28088.0598356164
2014-03-06,28088.0598356164
2014-03-07,28088.0598356164
2014-03-08,28088.0598356164
2014-03-09,28088.0598356164
2014-03-10,28088.0598356164
2014-03-11,28088.0598356164
2014-03-12,28088.0598356164
2014-03-13,28088.0598356164
2014-03-14,28088.0598356164
2014-03-15,28088.0598356164
2014-03-16,28088.0598356164
2014-03-17,28088.0598356164
2014-03-18,28088.0598356164
2014-03-19,28088.0598356164
2014-03-20,28088.0598356164
2014-03-21,28088.0598356164
2014-03-22,28088.0598356164
2014-03-23,28088.0598356164
2014-03-24,28088.0598356164
2014-03-25,28088.0598356164
2014-03-26,28088.0598356164
2014-03-27,28088.0598356164
2014-03-28,28088.0598356164
2014-03-29,28088.0598356164
2014-03-30,28088.0598356164
2014-03-31,28088.0598356164
2014-04-01,28088.0598356164
2014-04-02,28088.0598356164
2014-04-03,28088.0598356164
2014-04-04,28088.0598356164
2014-04-05,28088.0598356164
2014-04-06,28088.0598356164
2014-04-07,28088.0598356164
2014-04-08,28088.0598356164
2014-04-09,28088.0598356164
2014-04-10,28088.0598356164
2014-04-11,28088.0598356164
2014-04-12,28088.0598356164
2014-04-13,28088.0598356164
2014-04-14,28088.0598356164
2014-04-15,28088.0598356164
2014-04-16,28088.0598356164
2014-04-17,28088.0598356164
2014-04-18,28088.0598356164
2014-04-19,28088.0598356164
2014-04-20,28088.0598356164
2014-04-21,28088.0598356164
2014-04-22,28088.0598356164
2014-04-23,28088.0598356164
2014-04-24,28088.0598356164
2014-04-25,28088.0598356164
2014-04-26,28088.0598356164
2014-04-27,28088.0598356164
2014-04-28,28088.0598356164
2014-04-29,28088.0598356164
2014-04-30,28088.0598356164
2014-05-01,28088.0598356164
2014-05-02,28088.0598356164
2014-05-03,28088.0598356164
2014-05-04,28088.0598356164
2014-05-05,28088.0598356164
2014-05-06,28088.0598356164
2014-05-07,28088.0598356164
2014-05-08,28088.0598356164
2014-05-09,28088.0598356164
2014-05-10,28088.0598356164
2014-05-11,28088.0598356164
2014-05-12,28088.0598356164
2014-05-13,28088.0598356164
2014-05-14,28088.0598356164
2014-05-15,28088.0598356164
2014-05-16,28088.0598356164
2014-05-17,28088.0598356164
2014-05-18,28088.0598356164
2014-05-19,28088.0598356164
2014-05-20,28088.0598356164
2014-05-21,28088.0598356164
2014-05-22,28088.0598356164
2014-05-23,28088.0598356164
2014-05-24,28088.0598356164
2014-05-25,28088.0598356164
2014-05-26,28088.0598356164
2014-05-27,28088.0598356164
2014-05-28,28088.0598356164
2014-05-29,28088.0598356164
2014-05-30,28088.0598356164
2014-05-31,28088.0598356164
2014-06-01,28088.0598356164
2014-06-02,28088.0598356164
2014-06-03,28088.0598356164
2014-06-04,28088.0598356164
2014-06-05,28088.0598356164
2014-06-06,28088.0598356164
2014-06-07,28088.0598356164
2014-06-08,28088.0598356164
2014-06-09,28088.0598356164
2014-06-10,28088.0598356164
2014-06-11,28088.0598356164
2014-06-12,28088.0598356164
2014-06-13,28088.0598356164
2014-06-14,28088.0598356164
2014-06-15,28088.0598356164
2014-06-16,28088.0598356164
2014-06-17,28088.0598356164
2014-06-18,28088.0598356164
2014-06-19,28088.0598356164
2014-06-20,28088.0598356164
2014-06-21,28088.0598356164
2014-06-22,28088.0598356164
2014-06-23,28088.0598356164
2014-06-24,28088.0598356164
2014-06-25,28088.0598356164
2014-06-26,28088.0598356164
2014-06-27,28088.0598356164
2014-06-28,28088.0598356164
2014-06-29,28088.0598356164
2014-06-30,28088.0598356164
2014-07-01,28088.0598356164
2014-07-02,28088.0598356164
2014-07-03,28088.0598356164
2014-07-04,28088.0598356164
2014-07-05,28088.0598356164
2014-07-06,28088.0598356164
2014-07-07,28088.0598356164
2014-07-08,28088.0598356164
2014-07-09,28088.0598356164
2014-07-10,28088.0598356164
2014-07-11,28088.0598356164
2014-07-12,28088.0598356164
2014-07-13,28088.0598356164
2014-07-14,28088.0598356164
2014-07-15,28088.0598356164
2014-07-16,28088.0598356164
2014-07-17,28088.0598356164
2014-07-18,28088.0598356164
2014-07-19,28088.0598356164
2014-07-20,28088.0598356164
2014-07-21,28088.0598356164
2014-07-22,28088.0598356164
2014-07-23,28088.0598356164
2014-07-24,28088.0598356164
2014-07-25,28088.0598356164
2014-07-26,28088.0598356164
2014-07-27,28088.0598356164
2014-07-28,28088.0598356164
2014-07-29,28088.0598356164
2014-07-30,28088.0598356164
2014-07-31,28088.0598356164
2014-08-01,28088.0598356164
2014-08-02,28088.0598356164
2014-08-03,28088.0598356164
2014-08-04,28088.0598356164
2014-08-05,28088.0598356164
2014-08-06,28088.0598356164
2014-08-07,28088.0598356164
2014-08-08,28088.0598356164
2014-08-09,28088.0598356164
2014-08-10,28088.0598356164
2014-08-11,28088.0598356164
2014-08-12,28088.0598356164
2014-08-13,28088.0598356164
2014-08-14,28088.0598356164
2014-08-15,28088.0598356164
2014-08-16,28088.0598356164
2014-08-17,28088.0598356164
2014-08-18,28088.0598356164
2014-08-19,28088.0598356164
2014-08-20,28088.0598356164
2014-08-21,28088.0598356164
2014-08-22,28088.0598356164
2014-08-23,28088.0598356164
2014-08-24,28088.0598356164
2014-08-25,28088.0598356164
2014-08-26,28088.0598356164
2014-08-27,28088.0598356164
2014-08-28,28088.0598356164
2014-08-29,28088.0598356164
2014-08-30,28088.0598356164
2014-08-31,28088.0598356164
2014-09-01,28088.0598356164
2014-09-02,28088.0598356164
2014-09-03,28088.0598356164
2014-09-04,28088.0598356164
2014-09-05,28088.0598356164
2014-09-06,28088.0598356164
2014-09-07,28088.0598356164
2014-09-08,28088.0598356164
2014-09-09,28088.0598356164
2014-09-10,28088.0598356164
2014-09-11,28088.0598356164
2014-09-12,28088.0598356164
2014-09-13,28088.0598356164
2014-09-14,28088.0598356164
2014-09-15,28088.0598356164
2014-09-16,28088.0598356164
2014-09-17,28088.0598356164
2014-09-18,28088.0598356164
2014-09-19,28088.0598356164
2014-09-20,28088.0598356164
2014-09-21,28088.0598356164
2014-09-22,28088.0598356164
2014-09-23,28088.0598356164
2014-09-24,28088.0598356164
2014-09-25,28088.0598356164
2014-09-26,28088.0598356164
2014-09-27,28088.0598356164
2014-09-28,28088.0598356164
2014-09-29,28088.0598356164
2014-09-30,28088.0598356164
2014-10-01,28088.0598356164
2014-10-02,28088.0598356164
2014-10-03,28088.0598356164
2014-10-04,28088.0598356164
2014-10-05,28088.0598356164
2014-10-06,28088.0598356164
2014-10-07,28088.0598356164
2014-10-08,28088.0598356164
2014-10-09,28088.0598356164
2014-10-10,28088.0598356164
2014-10-11,28088.0598356164
2014-10-12,28088.0598356164
2014-10-13,28088.0598356164
2014-10-14,28088.0598356164
2014-10-15,28088.0598356164
2014-10-16,28088.0598356164
2014-10-17,28088.0598356164
2014-10-18,28088.0598356164
2014-10-19,28088.0598356164
2014-10-20,28088.0598356164
2014-10-21,28088.0598356164
2014-10-22,28088.0598356164
2014-10-23,28088.0598356164
2014-10-24,28088.0598356164
2014-10-25,28088.0598356164
2014-10-26,28088.0598356164
2014-10-27,28088.0598356164
2014-10-28,28088.0598356164
2014-10-29,28088.0598356164
2014-10-30,28088.0598356164
2014-10-31,28088.0598356164
2014-11-01,28088.0598356164
2014-11-02,28088.0598356164
2014-11-03,28088.0598356164
2014-11-04,28088.0598356164
2014-11-05,28088.0598356164
2014-11-06,28088.0598356164
2014-11-07,28088.0598356164
2014-11-08,28088.0598356164
2014-11-09,28088.0598356164
2014-11-10,28088.0598356164
2014-11-11,28088.0598356164
2014-11-12,28088.0598356164
2014-11-13,28088.0598356164
2014-11-14,28088.0598356164
2014-11-15,28088.0598356164
2014-11-16,28088.0598356164
2014-11-17,28088.0598356164
2014-11-18,28088.0598356164
2014-11-19,28088.0598356164
2014-11-20,28088.0598356164
2014-11-21,28088.0598356164
2014-11-22,28088.0598356164
2014-11-23,28088.0598356164
2014-11-24,28088.0598356164
2014-11-25,28088.0598356164
2014-11-26,28088.0598356164
2014-11-27,28088.0598356164
2014-11-28,28088.0598356164
2014-11-29,28088.0598356164
2014-11-30,28088.0598356164
2014-12-01,28088.0598356164
2014-12-02,28088.0598356164
2014-12-03,28088.0598356164
2014-12-04,28088.0598356164
2014-12-05,28088.0598356164
2014-12-06,28088.0598356164
2014-12-07,28088.0598356164
2014-12-08,28088.0598356164
2014-12-09,28088.0598356164
2014-12-10,28088.0598356164
2014-12-11,28088.0598356164
2014-12-12,28088.0598356164
2014-12-13,28088.0598356164
2014-12-14,28088.0598356164
2014-12-15,28088.0598356164
2014-12-16,28088.0598356164
2014-12-17,28088.0598356164
2014-12-18,28088.0598356164
2014-12-19,28088.0598356164
2014-12-20,28088.0598356164
2014-12-21,28088.0598356164
2014-12-22,28088.0598356164
2014-12-23,28088.0598356164
2014-12-24,28088.0598356164
2014-12-25,28088.0598356164
2014-12-26,28088.0598356164
2014-12-27,28088.0598356164
2014-12-28,28088.0598356164
2014-12-29,28088.0598356164
2014-12-30,28088.0598356164
2014-12-31,28088.0598356164
2015-01-01,30019.3127945205
2015-01-02,30019.3127945205
2015-01-03,30019.3127945205
2015-01-04,30019.3127945205
2015-01-05,30019.3127945205
2015-01-06,30019.3127945205
2015-01-07,30019.3127945205
2015-01-08,30019.3127945205
2015-01-09,30019.3127945205
2015-01-10,30019.3127945205
2015-01-11,30019.3127945205
2015-01-12,30019.3127945205
2015-01-13,30019.3127945205
2015-01-14,30019.3127945205
2015-01-15,30019.3127945205
2015-01-16,30019.3127945205
2015-01-17,30019.3127945205
2015-01-18,30019.3127945205
2015-01-19,30019.3127945205
2015-01-20,30019.3127945205
2015-01-21,30019.3127945205
2015-01-22,30019.3127945205
2015-01-23,30019.3127945205
2015-01-24,30019.3127945205
2015-01-25,30019.3127945205
2015-01-26,30019.3127945205
2015-01-27,30019.3127945205
2015-01-28,30019.3127945205
2015-01-29,30019.3127945205
2015-01-30,30019.3127945205
2015-01-31,30019.3127945205
2015-02-01,30019.3127945205
2015-02-02,30019.3127945205
2015-02-03,30019.3127945205
2015-02-04,30019.3127945205
2015-02-05,30019.3127945205
2015-02-06,30019.3127945205
2015-02-07,30019.3127945205
2015-02-08,30019.3127945205
2015-02-09,30019.3127945205
2015-02-10,30019.3127945205
2015-02-11,30019.3127945205
2015-02-12,30019.3127945205
2015-02-13,30019.3127945205
2015-02-14,30019.3127945205
2015-02-15,30019.3127945205
2015-02-16,30019.3127945205
2015-02-17,30019.3127945205
2015-02-18,30019.3127945205
2015-02-19,30019.3127945205
2015-02-20,30019.3127945205
2015-02-21,30019.3127945205
2015-02-22,30019.3127945205
2015-02-23,30019.3127945205
2015-02-24,30019.3127945205
2015-02-25,30019.3127945205
2015-02-26,30019.3127945205
2015-02-27,30019.3127945205
2015-02-28,30019.3127945205
2015-03-01,30019.3127945205
2015-03-02,30019.3127945205
2015-03-03,30019.3127945205
2015-03-04,30019.3127945205
2015-03-05,30019.3127945205
2015-03-06,30019.3127945205
2015-03-07,30019.3127945205
2015-03-08,30019.3127945205
2015-03-09,30019.3127945205
2015-03-10,30019.3127945205
2015-03-11,30019.3127945205
2015-03-12,30019.3127945205
2015-03-13,30019.3127945205
2015-03-14,30019.3127945205
2015-03-15,30019.3127945205
2015-03-16,30019.3127945205
2015-03-17,30019.3127945205
2015-03-18,30019.3127945205
2015-03-19,30019.3127945205
2015-03-20,30019.3127945205
2015-03-21,30019.3127945205
2015-03-22,30019.3127945205
2015-03-23,30019.3127945205
2015-03-24,30019.3127945205
2015-03-25,30019.3127945205
2015-03-26,30019.3127945205
2015-03-27,30019.3127945205
2015-03-28,30019.3127945205
2015-03-29,30019.3127945205
2015-03-30,30019.3127945205
2015-03-31,30019.3127945205
2015-04-01,30019.3127945205
2015-04-02,30019.3127945205
2015-04-03,30019.3127945205
2015-04-04,30019.3127945205
2015-04-05,30019.3127945205
2015-04-06,30019.3127945205
2015-04-07,30019.3127945205
2015-04-08,30019.3127945205
2015-04-09,30019.3127945205
2015-04-10,30019.3127945205
2015-04-11,30019.3127945205
2015-04-12,30019.3127945205
2015-04-13,30019.3127945205
2015-04-14,30019.3127945205
2015-04-15,30019.3127945205
2015-04-16,30019.3127945205
2015-04-17,30019.3127945205
2015-04-18,30019.3127945205
2015-04-19,30019.3127945205
2015-04-20,30019.3127945205
2015-04-21,30019.3127945205
2015-04-22,30019.3127945205
2015-04-23,30019.3127945205
2015-04-24,30019.3127945205
2015-04-25,30019.3127945205
2015-04-26,30019.3127945205
2015-04-27,30019.3127945205
2015-04-28,30019.3127945205
2015-04-29,30019.3127945205
2015-04-30,30019.3127945205
2015-05-01,30019.3127945205
2015-05-02,30019.3127945205
2015-05-03,30019.3127945205
2015-05-04,30019.3127945205
2015-05-05,30019.3127945205
2015-05-06,30019.3127945205
2015-05-07,30019.3127945205
2015-05-08,30019.3127945205
2015-05-09,30019.3127945205
2015-05-10,30019.3127945205
2015-05-11,30019.3127945205
2015-05-12,30019.3127945205
2015-05-13,30019.3127945205
2015-05-14,30019.3127945205
2015-05-15,30019.3127945205
2015-05-16,30019.3127945205
2015-05-17,30019.3127945205
2015-05-18,30019.3127945205
2015-05-19,30019.3127945205
2015-05-20,30019.3127945205
2015-05-21,30019.3127945205
2015-05-22,30019.3127945205
2015-05-23,30019.3127945205
2015-05-24,30019.3127945205
2015-05-25,30019.3127945205
2015-05-26,30019.3127945205
2015-05-27,30019.3127945205
2015-05-28,30019.3127945205
2015-05-29,30019.3127945205
2015-05-30,30019.3127945205
2015-05-31,30019.3127945205
2015-06-01,30019.3127945205
2015-06-02,30019.3127945205
2015-06-03,30019.3127945205
2015-06-04,30019.3127945205
2015-06-05,30019.3127945205
2015-06-06,30019.3127945205
2015-06-07,30019.3127945205
2015-06-08,30019.3127945205
2015-06-09,30019.3127945205
2015-06-10,30019.3127945205
2015-06-11,30019.3127945205
2015-06-12,30019.3127945205
2015-06-13,30019.3127945205
2015-06-14,30019.3127945205
2015-06-15,30019.3127945205
2015-06-16,30019.3127945205
2015-06-17,30019.3127945205
2015-06-18,30019.3127945205
2015-06-19,30019.3127945205
2015-06-20,30019.3127945205
2015-06-21,30019.3127945205
2015-06-22,30019.3127945205
2015-06-23,30019.3127945205
2015-06-24,30019.3127945205
2015-06-25,30019.3127945205
2015-06-26,30019.3127945205
2015-06-27,30019.3127945205
2015-06-28,30019.3127945205
2015-06-29,30019.3127945205
2015-06-30,30019.3127945205
2015-07-01,30019.3127945205
2015-07-02,30019.3127945205
2015-07-03,30019.3127945205
2015-07-04,30019.3127945205
2015-07-05,30019.3127945205
2015-07-06,30019.3127945205
2015-07-07,30019.3127945205
2015-07-08,30019.3127945205
2015-07-09,30019.3127945205
2015-07-10,30019.3127945205
2015-07-11,30019.3127945205
2015-07-12,30019.3127945205
2015-07-13,30019.3127945205
2015-07-14,30019.3127945205
2015-07-15,30019.3127945205
2015-07-16,30019.3127945205
2015-07-17,30019.3127945205
2015-07-18,30019.3127945205
2015-07-19,30019.3127945205
2015-07-20,30019.3127945205
2015-07-21,30019.3127945205
2015-07-22,30019.3127945205
2015-07-23,30019.3127945205
2015-07-24,30019.3127945205
2015-07-25,30019.3127945205
2015-07-26,30019.3127945205
2015-07-27,30019.3127945205
2015-07-28,30019.3127945205
2015-07-29,30019.3127945205
2015-07-30,30019.3127945205
2015-07-31,30019.3127945205
2015-08-01,30019.3127945205
2015-08-02,30019.3127945205
2015-08-03,30019.3127945205
2015-08-04,30019.3127945205
2015-08-05,30019.3127945205
2015-08-06,30019.3127945205
2015-08-07,30019.3127945205
2015-08-08,30019.3127945205
2015-08-09,30019.3127945205
2015-08-10,30019.3127945205
2015-08-11,30019.3127945205
2015-08-12,30019.3127945205
2015-08-13,30019.3127945205
2015-08-14,30019.3127945205
2015-08-15,30019.3127945205
2015-08-16,30019.3127945205
2015-08-17,30019.3127945205
2015-08-18,30019.3127945205
2015-08-19,30019.3127945205
2015-08-20,30019.3127945205
2015-08-21,30019.3127945205
2015-08-22,30019.3127945205
2015-08-23,30019.3127945205
2015-08-24,30019.3127945205
2015-08-25,30019.3127945205
2015-08-26,30019.3127945205
2015-08-27,30019.3127945205
2015-08-28,30019.3127945205
2015-08-29,30019.3127945205
2015-08-30,30019.3127945205
2015-08-31,30019.3127945205
2015-09-01,30019.3127945205
2015-09-02,30019.3127945205
2015-09-03,30019.3127945205
2015-09-04,30019.3127945205
2015-09-05,30019.3127945205
2015-09-06,30019.3127945205
2015-09-07,30019.3127945205
2015-09-08,30019.3127945205
2015-09-09,30019.3127945205
2015-09-10,30019.3127945205
2015-09-11,30019.3127945205
2015-09-12,30019.3127945205
2015-09-13,30019.3127945205
2015-09-14,30019.3127945205
2015-09-15,30019.3127945205
2015-09-16,30019.3127945205
2015-09-17,30019.3127945205
2015-09-18,30019.3127945205
2015-09-19,30019.3127945205
2015-09-20,30019.3127945205
2015-09-21,30019.3127945205
2015-09-22,30019.3127945205
2015-09-23,30019.3127945205
2015-09-24,30019.3127945205
2015-09-25,30019.3127945205
2015-09-26,30019.3127945205
2015-09-27,30019.3127945205
2015-09-28,30019.3127945205
2015-09-29,30019.3127945205
2015-09-30,30019.3127945205
2015-10-01,30019.3127945205
2015-10-02,30019.3127945205
2015-10-03,30019.3127945205
2015-10-04,30019.3127945205
2015-10-05,30019.3127945205
2015-10-06,30019.3127945205
2015-10-07,30019.3127945205
2015-10-08,30019.3127945205
2015-10-09,30019.3127945205
2015-10-10,30019.3127945205
2015-10-11,30019.3127945205
2015-10-12,30019.3127945205
2015-10-13,30019.3127945205
2015-10-14,30019.3127945205
2015-10-15,30019.3127945205
2015-10-16,30019.3127945205
2015-10-17,30019.3127945205
2015-10-18,30019.3127945205
2015-10-19,30019.3127945205
2015-10-20,30019.3127945205
2015-10-21,30019.3127945205
2015-10-22,30019.3127945205
2015-10-23,30019.3127945205
2015-10-24,30019.3127945205
2015-10-25,30019.3127945205
2015-10-26,30019.3127945205
2015-10-27,30019.3127945205
2015-10-28,30019.3127945205
2015-10-29,30019.3127945205
2015-10-30,30019.3127945205
2015-10-31,30019.3127945205
2015-11-01,30019.3127945205
2015-11-02,30019.3127945205
2015-11-03,30019.3127945205
2015-11-04,30019.3127945205
2015-11-05,30019.3127945205
2015-11-06,30019.3127945205
2015-11-07,30019.3127945205
2015-11-08,30019.3127945205
2015-11-09,30019.3127945205
2015-11-10,30019.3127945205
2015-11-11,30019.3127945205
2015-11-12,30019.3127945205
2015-11-13,30019.3127945205
2015-11-14,30019.3127945205
2015-11-15,30019.3127945205
2015-11-16,30019.3127945205
2015-11-17,30019.3127945205
2015-11-18,30019.3127945205
2015-11-19,30019.3127945205
2015-11-20,30019.3127945205
2015-11-21,30019.3127945205
2015-11-22,30019.3127945205
2015-11-23,30019.3127945205
2015-11-24,30019.3127945205
2015-11-25,30019.3127945205
2015-11-26,30019.3127945205
2015-11-27,30019.3127945205
2015-11-28,30019.3127945205
2015-11-29,30019.3127945205
2015-11-30,30019.3127945205
2015-12-01,30019.3127945205
2015-12-02,30019.3127945205
2015-12-03,30019.3127945205
2015-12-04,30019.3127945205
2015-12-05,30019.3127945205
2015-12-06,30019.3127945205
2015-12-07,30019.3127945205
2015-12-08,30019.3127945205
2015-12-09,30019.3127945205
2015-12-10,30019.3127945205
2015-12-11,30019.3127945205
2015-12-12,30019.3127945205
2015-12-13,30019.3127945205
2015-12-14,30019.3127945205
2015-12-15,30019.3127945205
2015-12-16,30019.3127945205
2015-12-17,30019.3127945205
2015-12-18,30019.3127945205
2015-12-19,30019.3127945205
2015-12-20,30019.3127945205
2015-12-21,30019.3127945205
2015-12-22,30019.3127945205
2015-12-23,30019.3127945205
2015-12-24,30019.3127945205
2015-12-25,30019.3127945205
2015-12-26,30019.3127945205
2015-12-27,30019.3127945205
2015-12-28,30019.3127945205
2015-12-29,30019.3127945205
2015-12-30,30019.3127945205
2015-12-31,30019.3127945205
2016-01-01,31416.6394808743
2016-01-02,31416.6394808743
2016-01-03,31416.6394808743
2016-01-04,31416.6394808743
2016-01-05,31416.6394808743
2016-01-06,31416.6394808743
2016-01-07,31416.6394808743
2016-01-08,31416.6394808743
2016-01-09,31416.6394808743
2016-01-10,31416.6394808743
2016-01-11,31416.6394808743
2016-01-12,31416.6394808743
2016-01-13,31416.6394808743
2016-01-14,31416.6394808743
2016-01-15,31416.6394808743
2016-01-16,31416.6394808743
2016-01-17,31416.6394808743
2016-01-18,31416.6394808743
2016-01-19,31416.6394808743
2016-01-20,31416.6394808743
2016-01-21,31416.6394808743
2016-01-22,31416.6394808743
2016-01-23,31416.6394808743
2016-01-24,31416.6394808743
2016-01-25,31416.6394808743
2016-01-26,31416.6394808743
2016-01-27,31416.6394808743
2016-01-28,31416.6394808743
2016-01-29,31416.6394808743
2016-01-30,31416.6394808743
2016-01-31,31416.6394808743
2016-02-01,31416.6394808743
2016-02-02,31416.6394808743
2016-02-03,31416.6394808743
2016-02-04,31416.6394808743
2016-02-05,31416.6394808743
2016-02-06,31416.6394808743
2016-02-07,31416.6394808743
2016-02-08,31416.6394808743
2016-02-09,31416.6394808743
2016-02-10,31416.6394808743
2016-02-11,31416.6394808743
2016-02-12,31416.6394808743
2016-02-13,31416.6394808743
2016-02-14,31416.6394808743
2016-02-15,31416.6394808743
2016-02-16,31416.6394808743
2016-02-17,31416.6394808743
2016-02-18,31416.6394808743
2016-02-19,31416.6394808743
2016-02-20,31416.6394808743
2016-02-21,31416.6394808743
2016-02-22,31416.6394808743
2016-02-23,31416.6394808743
2016-02-24,31416.6394808743
2016-02-25,31416.6394808743
2016-02-26,31416.6394808743
2016-02-27,31416.6394808743
2016-02-28,31416.6394808743
2016-02-29,31416.6394808743
2016-03-01,31416.6394808743
2016-03-02,31416.6394808743
2016-03-03,31416.6394808743
2016-03-04,31416.6394808743
2016-03-05,31416.6394808743
2016-03-06,31416.6394808743
2016-03-07,31416.6394808743
2016-03-08,31416.6394808743
2016-03-09,31416.6394808743
2016-03-10,31416.6394808743
2016-03-11,31416.6394808743
2016-03-12,31416.6394808743
2016-03-13,31416.6394808743
2016-03-14,31416.6394808743
2016-03-15,31416.6394808743
2016-03-16,31416.6394808743
2016-03-17,31416.6394808743
2016-03-18,31416.6394808743
2016-03-19,31416.6394808743
2016-03-20,31416.6394808743
2016-03-21,31416.6394808743
2016-03-22,31416.6394808743
2016-03-23,31416.6394808743
2016-03-24,31416.6394808743
2016-03-25,31416.6394808743
2016-03-26,31416.6394808743
2016-03-27,31416.6394808743
2016-03-28,31416.6394808743
2016-03-29,31416.6394808743
2016-03-30,31416.6394808743
2016-03-31,31416.6394808743
2016-04-01,31416.6394808743
2016-04-02,31416.6394808743
2016-04-03,31416.6394808743
2016-04-04,31416.6394808743
2016-04-05,31416.6394808743
2016-04-06,31416.6394808743
2016-04-07,31416.6394808743
2016-04-08,31416.6394808743
2016-04-09,31416.6394808743
2016-04-10,31416.6394808743
2016-04-11,31416.6394808743
2016-04-12,31416.6394808743
2016-04-13,31416.6394808743
2016-04-14,31416.6394808743
2016-04-15,31416.6394808743
2016-04-16,31416.6394808743
2016-04-17,31416.6394808743
2016-04-18,31416.6394808743
2016-04-19,31416.6394808743
2016-04-20,31416.6394808743
2016-04-21,31416.6394808743
2016-04-22,31416.6394808743
2016-04-23,31416.6394808743
2016-04-24,31416.6394808743
2016-04-25,31416.6394808743
2016-04-26,31416.6394808743
2016-04-27,31416.6394808743
2016-04-28,31416.6394808743
2016-04-29,31416.6394808743
2016-04-30,31416.6394808743
2016-05-01,31416.6394808743
2016-05-02,31416.6394808743
2016-05-03,31416.6394808743
2016-05-04,31416.6394808743
2016-05-05,31416.6394808743
2016-05-06,31416.6394808743
2016-05-07,31416.6394808743
2016-05-08,31416.6394808743
2016-05-09,31416.6394808743
2016-05-10,31416.6394808743
2016-05-11,31416.6394808743
2016-05-12,31416.6394808743
2016-05-13,31416.6394808743
2016-05-14,31416.6394808743
2016-05-15,31416.6394808743
2016-05-16,31416.6394808743
2016-05-17,31416.6394808743
2016-05-18,31416.6394808743
2016-05-19,31416.6394808743
2016-05-20,31416.6394808743
2016-05-21,31416.6394808743
2016-05-22,31416.6394808743
2016-05-23,31416.6394808743
2016-05-24,31416.6394808743
2016-05-25,31416.6394808743
2016-05-26,31416.6394808743
2016-05-27,31416.6394808743
2016-05-28,31416.6394808743
2016-05-29,31416.6394808743
2016-05-30,31416.6394808743
2016-05-31,31416.6394808743
2016-06-01,31416.6394808743
2016-06-02,31416.6394808743
2016-06-03,31416.6394808743
2016-06-04,31416.6394808743
2016-06-05,31416.6394808743
2016-06-06,31416.6394808743
2016-06-07,31416.6394808743
2016-06-08,31416.6394808743
2016-06-09,31416.6394808743
2016-06-10,31416.6394808743
2016-06-11,31416.6394808743
2016-06-12,31416.6394808743
2016-06-13,31416.6394808743
2016-06-14,31416.6394808743
2016-06-15,31416.6394808743
2016-06-16,31416.6394808743
2016-06-17,31416.6394808743
2016-06-18,31416.6394808743
2016-06-19,31416.6394808743
2016-06-20,31416.6394808743
2016-06-21,31416.6394808743
2016-06-22,31416.6394808743
2016-06-23,31416.6394808743
2016-06-24,31416.6394808743
2016-06-25,31416.6394808743
2016-06-26,31416.6394808743
2016-06-27,31416.6394808743
2016-06-28,31416.6394808743
2016-06-29,31416.6394808743
2016-06-30,31416.6394808743
2016-07-01,31416.6394808743
2016-07-02,31416.6394808743
2016-07-03,31416.6394808743
2016-07-04,31416.6394808743
2016-07-05,31416.6394808743
2016-07-06,31416.6394808743
2016-07-07,31416.6394808743
2016-07-08,31416.6394808743
2016-07-09,31416.6394808743
2016-07-10,31416.6394808743
2016-07-11,31416.6394808743
2016-07-12,31416.6394808743
2016-07-13,31416.6394808743
2016-07-14,31416.6394808743
2016-07-15,31416.6394808743
2016-07-16,31416.6394808743
2016-07-17,31416.6394808743
2016-07-18,31416.6394808743
2016-07-19,31416.6394808743
2016-07-20,31416.6394808743
2016-07-21,31416.6394808743
2016-07-22,31416.6394808743
2016-07-23,31416.6394808743
2016-07-24,31416.6394808743
2016-07-25,31416.6394808743
2016-07-26,31416.6394808743
2016-07-27,31416.6394808743
2016-07-28,31416.6394808743
2016-07-29,31416.6394808743
2016-07-30,31416.6394808743
2016-07-31,31416.6394808743
2016-08-01,31416.6394808743
2016-08-02,31416.6394808743
2016-08-03,31416.6394808743
2016-08-04,31416.6394808743
2016-08-05,31416.6394808743
2016-08-06,31416.6394808743
2016-08-07,31416.6394808743
2016-08-08,31416.6394808743
2016-08-09,31416.6394808743
2016-08-10,31416.6394808743
2016-08-11,31416.6394808743
2016-08-12,31416.6394808743
2016-08-13,31416.6394808743
2016-08-14,31416.6394808743
2016-08-15,31416.6394808743
2016-08-16,31416.6394808743
2016-08-17,31416.6394808743
2016-08-18,31416.6394808743
2016-08-19,31416.6394808743
2016-08-20,31416.6394808743
2016-08-21,31416.6394808743
2016-08-22,31416.6394808743
2016-08-23,31416.6394808743
2016-08-24,31416.6394808743
2016-08-25,31416.6394808743
2016-08-26,31416.6394808743
2016-08-27,31416.6394808743
2016-08-28,31416.6394808743
2016-08-29,31416.6394808743
2016-08-30,31416.6394808743
2016-08-31,31416.6394808743
2016-09-01,31416.6394808743
2016-09-02,31416.6394808743
2016-09-03,31416.6394808743
2016-09-04,31416.6394808743
2016-09-05,31416.6394808743
2016-09-06,31416.6394808743
2016-09-07,31416.6394808743
2016-09-08,31416.6394808743
2016-09-09,31416.6394808743
2016-09-10,31416.6394808743
2016-09-11,31416.6394808743
2016-09-12,31416.6394808743
2016-09-13,31416.6394808743
2016-09-14,31416.6394808743
2016-09-15,31416.6394808743
2016-09-16,31416.6394808743
2016-09-17,31416.6394808743
2016-09-18,31416.6394808743
2016-09-19,31416.6394808743
2016-09-20,31416.6394808743
2016-09-21,31416.6394808743
2016-09-22,31416.6394808743
2016-09-23,31416.6394808743
2016-09-24,31416.6394808743
2016-09-25,31416.6394808743
2016-09-26,31416.6394808743
2016-09-27,31416.6394808743
2016-09-28,31416.6394808743
2016-09-29,31416.6394808743
2016-09-30,31416.6394808743
2016-10-01,31416.6394808743
2016-10-02,31416.6394808743
2016-10-03,31416.6394808743
2016-10-04,31416.6394808743
2016-10-05,31416.6394808743
2016-10-06,31416.6394808743
2016-10-07,31416.6394808743
2016-10-08,31416.6394808743
2016-10-09,31416.6394808743
2016-10-10,31416.6394808743
2016-10-11,31416.6394808743
2016-10-12,31416.6394808743
2016-10-13,31416.6394808743
2016-10-14,31416.6394808743
2016-10-15,31416.6394808743
2016-10-16,31416.6394808743
2016-10-17,31416.6394808743
2016-10-18,31416.6394808743
2016-10-19,31416.6394808743
2016-10-20,31416.6394808743
2016-10-21,31416.6394808743
2016-10-22,31416.6394808743
2016-10-23,31416.6394808743
2016-10-24,31416.6394808743
2016-10-25,31416.6394808743
2016-10-26,31416.6394808743
2016-10-27,31416.6394808743
2016-10-28,31416.6394808743
2016-10-29,31416.6394808743
2016-10-30,31416.6394808743
2016-10-31,31416.6394808743
2016-11-01,31416.6394808743
2016-11-02,31416.6394808743
2016-11-03,31416.6394808743
2016-11-04,31416.6394808743
2016-11-05,31416.6394808743
2016-11-06,31416.6394808743
2016-11-07,31416.6394808743
2016-11-08,31416.6394808743
2016-11-09,31416.6394808743
2016-11-10,31416.6394808743
2016-11-11,31416.6394808743
2016-11-12,31416.6394808743
2016-11-13,31416.6394808743
2016-11-14,31416.6394808743
2016-11-15,31416.6394808743
2016-11-16,31416.6394808743
2016-11-17,31416.6394808743
2016-11-18,31416.6394808743
2016-11-19,31416.6394808743
2016-11-20,31416.6394808743
2016-11-21,31416.6394808743
2016-11-22,31416.6394808743
2016-11-23,31416.6394808743
2016-11-24,31416.6394808743
2016-11-25,31416.6394808743
2016-11-26,31416.6394808743
2016-11-27,31416.6394808743
2016-11-28,31416.6394808743
2016-11-29,31416.6394808743
2016-11-30,31416.6394808743
2016-12-01,31416.6394808743
2016-12-02,31416.6394808743
2016-12-03,31416.6394808743
2016-12-04,31416.6394808743
2016-12-05,31416.6394808743
2016-12-06,31416.6394808743
2016-12-07,31416.6394808743
2016-12-08,31416.6394808743
2016-12-09,31416.6394808743
2016-12-10,31416.6394808743
2016-12-12,31416.6394808743
2016-12-13,31416.6394808743
2016-12-14,31416.6394808743
2016-12-15,31416.6394808743
2016-12-16,31416.6394808743
2016-12-17,31416.6394808743
2016-12-18,31416.6394808743
2016-12-19,31416.6394808743
2016-12-20,31416.6394808743
2016-12-21,31416.6394808743
2016-12-22,31416.6394808743
2016-12-23,31416.6394808743
2016-12-24,31416.6394808743
2016-12-25,31416.6394808743
2016-12-26,31416.6394808743
2016-12-27,31416.6394808743
2016-12-28,31416.6394808743
2016-12-29,31416.6394808743
2016-12-30,31416.6394808743
2016-12-31,31416.6394808743
2017-01-01,30755.094
2017-01-02,30755.094
2017-01-03,30755.094
2017-01-04,30755.094
2017-01-05,30755.094
2017-01-06,30755.094
2017-01-07,30755.094
2017-01-08,30755.094
2017-01-09,30755.094
2017-01-10,30755.094
2017-01-11,30755.094
2017-01-12,30755.094
2017-01-13,30755.094
2017-01-14,30755.094
2017-01-15,30755.094
2017-01-16,30755.094
2017-01-17,30755.094
2017-01-18,30755.094
2017-01-19,30755.094
2017-01-20,30755.094
2017-01-21,30755.094
2017-01-22,30755.094
2017-01-23,30755.094
2017-01-24,30755.094
2017-01-25,30755.094
2017-01-26,30755.094
2017-01-27,30755.094
2017-01-28,30755.094
2017-01-29,30755.094
2017-01-30,30755.094
2017-01-31,30755.094
2017-02-01,30755.094
2017-02-02,30755.094
2017-02-03,30755.094
2017-02-04,30755.094
2017-02-05,30755.094
2017-02-06,30755.094
2017-02-07,30755.094
2017-02-08,30755.094
2017-02-09,30755.094
2017-02-10,30755.094
2017-02-11,30755.094
2017-02-12,30755.094
2017-02-13,30755.094
2017-02-14,30755.094
2017-02-15,30755.094
2017-02-16,30755.094
2017-02-17,30755.094
2017-02-18,30755.094
2017-02-19,30755.094
2017-02-20,30755.094
2017-02-21,30755.094
2017-02-22,30755.094
2017-02-23,30755.094
2017-02-24,30755.094
2017-02-25,30755.094
2017-02-26,30755.094
2017-02-27,30755.094
2017-02-28,30755.094
2017-03-01,30755.094
2017-03-02,30755.094
2017-03-03,30755.094
2017-03-04,30755.094
2017-03-05,30755.094
2017-03-06,30755.094
2017-03-07,30755.094
2017-03-08,30755.094
2017-03-09,30755.094
2017-03-10,30755.094
2017-03-11,30755.094
2017-03-12,30755.094
2017-03-13,30755.094
2017-03-14,30755.094
2017-03-15,30755.094
2017-03-16,30755.094
2017-03-17,30755.094
2017-03-18,30755.094
2017-03-19,30755.094
2017-03-20,30755.094
2017-03-21,30755.094
2017-03-22,30755.094
2017-03-23,30755.094
2017-03-24,30755.094
2017-03-25,30755.094
2017-03-26,30755.094
2017-03-27,30755.094
2017-03-28,30755.094
2017-03-29,30755.094
2017-03-30,30755.094
2017-03-31,30755.094
2017-04-01,30755.094
2017-04-02,30755.094
2017-04-03,30755.094
2017-04-04,30755.094
2017-04-05,30755.094
2017-04-06,30755.094
2017-04-07,30755.094
2017-04-08,30755.094
2017-04-09,30755.094
2017-04-10,30755.094
2017-04-11,30755.094
2017-04-12,30755.094
2017-04-13,30755.094
2017-04-14,30755.094
2017-04-15,30755.094
2017-04-16,30755.094
2017-04-17,30755.094
2017-04-18,30755.094
2017-04-19,30755.094
2017-04-20,30755.094
2017-04-21,30755.094
2017-04-22,30755.094
2017-04-23,30755.094
2017-04-24,30755.094
2017-04-25,30755.094
2017-04-26,30755.094
2017-04-27,30755.094
2017-04-28,30755.094
2017-04-29,30755.094
2017-04-30,30755.094
2017-05-01,30755.094
2017-05-02,30755.094
2017-05-03,30755.094
2017-05-04,30755.094
2017-05-05,30755.094
2017-05-06,30755.094
2017-05-07,30755.094
2017-05-08,30755.094
2017-05-09,30755.094
2017-05-10,30755.094
2017-05-11,30755.094
2017-05-12,30755.094
2017-05-13,30755.094
2017-05-14,30755.094
2017-05-15,30755.094
2017-05-16,30755.094
2017-05-17,30755.094
2017-05-18,30755.094
2017-05-19,30755.094
2017-05-20,30755.094
2017-05-21,30755.094
2017-05-22,30755.094
2017-05-23,30755.094
2017-05-24,30755.094
2017-05-25,30755.094
2017-05-26,30755.094
2017-05-27,30755.094
2017-05-28,30755.094
2017-05-29,30755.094
2017-05-30,30755.094
2017-05-31,30755.094
2017-06-01,30755.094
2017-06-02,30755.094
2017-06-03,30755.094
2017-06-04,30755.094
2017-06-05,30755.094
2017-06-06,30755.094
2017-06-07,30755.094
2017-06-08,30755.094
2017-06-09,30755.094
2017-06-10,30755.094
2017-06-11,30755.094
2017-06-12,30755.094
2017-06-13,30755.094
2017-06-14,30755.094
2017-06-15,30755.094
2017-06-16,30755.094
2017-06-17,30755.094
2017-06-18,30755.094
2017-06-19,30755.094
2017-06-20,30755.094
2017-06-21,30755.094
2017-06-22,30755.094
2017-06-23,30755.094
2017-06-24,30755.094
2017-06-25,30755.094
2017-06-26,30755.094
2017-06-27,30755.094
2017-06-28,30755.094
2017-06-29,30755.094
2017-06-30,30755.094
2017-07-01,30755.094
2017-07-02,30755.094
2017-07-03,30755.094
2017-07-04,30755.094
2017-07-05,30755.094
2017-07-06,30755.094
2017-07-07,30755.094
2017-07-08,30755.094
2017-07-09,30755.094
2017-07-10,30755.094
2017-07-11,30755.094
2017-07-12,30755.094
2017-07-13,30755.094
2017-07-14,30755.094
2017-07-15,30755.094
2017-07-16,30755.094
2017-07-17,30755.094
2017-07-18,30755.094
2017-07-19,30755.094
2017-07-20,30755.094
2017-07-21,30755.094
2017-07-22,30755.094
2017-07-23,30755.094
2017-07-24,30755.094
2017-07-25,30755.094
2017-07-26,30755.094
2017-07-27,30755.094
2017-07-28,30755.094
2017-07-29,30755.094
2017-07-30,30755.094
2017-07-31,30755.094
2017-08-01,30755.094
2017-08-02,30755.094
2017-08-03,30755.094
2017-08-04,30755.094
2017-08-05,30755.094
2017-08-06,30755.094
2017-08-07,30755.094
2017-08-08,30755.094
2017-08-09,30755.094
2017-08-10,30755.094
2017-08-11,30755.094
2017-08-12,30755.094
2017-08-13,30755.094
2017-08-14,30755.094
2017-08-15,30755.094
2017-08-16,30755.094
2017-08-17,30755.094
2017-08-18,30755.094
2017-08-19,30755.094
2017-08-20,30755.094
2017-08-21,30755.094
2017-08-22,30755.094
2017-08-23,30755.094
2017-08-24,30755.094
2017-08-25,30755.094
2017-08-26,30755.094
2017-08-27,30755.094
2017-08-28,30755.094
2017-08-29,30755.094
2017-08-30,30755.094
2017-08-31,30755.094
2017-09-01,30755.094
2017-09-02,30755.094
2017-09-03,30755.094
2017-09-04,30755.094
2017-09-05,30755.094
2017-09-06,30755.094
2017-09-07,30755.094
2017-09-08,30755.094
2017-09-09,30755.094
2017-09-10,30755.094
2017-09-11,30755.094
2017-09-12,30755.094
2017-09-13,30755.094
2017-09-14,30755.094
2017-09-15,30755.094
2017-09-16,30755.094
2017-09-17,30755.094
2017-09-18,30755.094
2017-09-19,30755.094
2017-09-20,30755.094
2017-09-21,30755.094
2017-09-22,30755.094
2017-09-23,30755.094
2017-09-24,30755.094
2017-09-25,30755.094
2017-09-26,30755.094
2017-09-27,30755.094
2017-09-28,30755.094
2017-09-29,30755.094
2017-09-30,30755.094
2017-10-01,30755.094
2017-10-02,30755.094
2017-10-03,30755.094
2017-10-06,30755.094
2017-10-07,30755.094
2017-10-08,30755.094
2017-10-09,30755.094
2017-10-10,30755.094
2017-10-11,30755.094
2017-10-12,30755.094
2017-10-13,30755.094
2017-10-14,30755.094
2017-10-15,30755.094
2017-10-16,30755.094
2017-10-17,30755.094
2017-10-18,30755.094
2017-10-19,30755.094
2017-10-20,30755.094
2017-10-21,30755.094
2017-10-22,30755.094
2017-10-23,30755.094
2017-10-24,30755.094
2017-10-25,30755.094
2017-10-26,30755.094
2017-10-27,30755.094
2017-10-28,30755.094
2017-10-29,30755.094
2017-10-30,30755.094
2017-10-31,30755.094
2017-11-01,30755.094
2017-11-02,30755.094
2017-11-03,30755.094
2017-11-04,30755.094
2017-11-05,30755.094
2017-11-06,30755.094
2017-11-07,30755.094
2017-11-08,30755.094
2017-11-09,30755.094
2017-11-10,30755.094
2017-11-11,30755.094
2017-11-12,30755.094
2017-11-13,30755.094
2017-11-14,30755.094
2017-11-15,30755.094
2017-11-16,30755.094
2017-11-17,30755.094
2017-11-18,30755.094
2017-11-19,30755.094
2017-11-20,30755.094
2017-11-21,30755.094
2017-11-22,30755.094
2017-11-23,30755.094
2017-11-24,30755.094
2017-11-25,30755.094
2017-11-26,30755.094
2017-11-27,30755.094
2017-11-28,30755.094
2017-11-29,30755.094
2017-11-30,30755.094
2017-12-01,30755.094
2017-12-02,30755.094
2017-12-03,30755.094
2017-12-04,30755.094
2017-12-05,30755.094
2017-12-06,30755.094
2017-12-07,30755.094
2017-12-08,30755.094
2017-12-09,30755.094
2017-12-10,30755.094
2017-12-11,30755.094
2017-12-12,30755.094
2017-12-13,30755.094
2017-12-14,30755.094
2017-12-15,30755.094
2017-12-16,30755.094
2017-12-17,30755.094
2017-12-18,30755.094
2017-12-19,30755.094
2017-12-20,30755.094
2017-12-21,30755.094
2017-12-22,30755.094
2017-12-23,30755.094
2017-12-24,30755.094
2017-12-25,30755.094
2017-12-26,30755.094
2017-12-27,30755.094
2017-12-28,30755.094
2017-12-29,30755.094
2017-12-30,30755.094
2017-12-31,30755.094
2018-01-01,30082.0086849315
2018-01-02,30082.0086849315
2018-01-03,30082.0086849315
2018-01-04,30082.0086849315
2018-01-05,30082.0086849315
2018-01-06,30082.0086849315
2018-01-07,30082.0086849315
2018-01-08,30082.0086849315
2018-01-09,30082.0086849315
2018-01-10,30082.0086849315
2018-01-11,30082.0086849315
2018-01-12,30082.0086849315
2018-01-13,30082.0086849315
2018-01-14,30082.0086849315
2018-01-15,30082.0086849315
2018-01-16,30082.0086849315
2018-01-17,30082.0086849315
2018-01-18,30082.0086849315
2018-01-19,30082.0086849315
2018-01-20,30082.0086849315
2018-01-21,30082.0086849315
2018-01-22,30082.0086849315
2018-01-23,30082.0086849315
2018-01-24,30082.0086849315
2018-01-25,30082.0086849315
2018-01-26,30082.0086849315
2018-01-27,30082.0086849315
2018-01-28,30082.0086849315
2018-01-29,30082.0086849315
2018-01-30,30082.0086849315
2018-01-31,30082.0086849315
2018-02-01,30082.0086849315
2018-02-02,30082.0086849315
2018-02-03,30082.0086849315
2018-02-04,30082.0086849315
2018-02-05,30082.0086849315
2018-02-06,30082.0086849315
2018-02-07,30082.0086849315
2018-02-08,30082.0086849315
2018-02-09,30082.0086849315
2018-02-10,30082.0086849315
2018-02-11,30082.0086849315
2018-02-12,30082.0086849315
2018-02-13,30082.0086849315
2018-02-14,30082.0086849315
2018-02-15,30082.0086849315
2018-02-16,30082.0086849315
2018-02-17,30082.0086849315
2018-02-18,30082.0086849315
2018-02-19,30082.0086849315
2018-02-20,30082.0086849315
2018-02-21,30082.0086849315
2018-02-22,30082.0086849315
2018-02-23,30082.0086849315
2018-02-24,30082.0086849315
2018-02-25,30082.0086849315
2018-02-26,30082.0086849315
2018-02-27,30082.0086849315
2018-02-28,30082.0086849315
2018-03-01,30082.0086849315
2018-03-02,30082.0086849315
2018-03-03,30082.0086849315
2018-03-04,30082.0086849315
2018-03-05,30082.0086849315
2018-03-06,30082.0086849315
2018-03-07,30082.0086849315
2018-03-08,30082.0086849315
2018-03-09,30082.0086849315
2018-03-10,30082.0086849315
2018-03-11,30082.0086849315
2018-03-12,30082.0086849315
2018-03-13,30082.0086849315
2018-03-14,30082.0086849315
2018-03-15,30082.0086849315
2018-03-16,30082.0086849315
2018-03-17,30082.0086849315
2018-03-18,30082.0086849315
2018-03-19,30082.0086849315
2018-03-20,30082.0086849315
2018-03-21,30082.0086849315
2018-03-22,30082.0086849315
2018-03-23,30082.0086849315
2018-03-24,30082.0086849315
2018-03-25,30082.0086849315
2018-03-26,30082.0086849315
2018-03-27,30082.0086849315
2018-03-28,30082.0086849315
2018-03-29,30082.0086849315
2018-03-30,30082.0086849315
2018-03-31,30082.0086849315
2018-04-01,30082.0086849315
2018-04-02,30082.0086849315
2018-04-03,30082.0086849315
2018-04-04,30082.0086849315
2018-04-05,30082.0086849315
2018-04-06,30082.0086849315
2018-04-07,30082.0086849315
2018-04-08,30082.0086849315
2018-04-09,30082.0086849315
2018-04-10,30082.0086849315
2018-04-11,30082.0086849315
2018-04-12,30082.0086849315
2018-04-13,30082.0086849315
2018-04-14,30082.0086849315
2018-04-15,30082.0086849315
2018-04-16,30082.0086849315
2018-04-17,30082.0086849315
2018-04-18,30082.0086849315
2018-04-19,30082.0086849315
2018-04-20,30082.0086849315
2018-04-21,30082.0086849315
2018-04-22,30082.0086849315
2018-04-23,30082.0086849315
2018-04-24,30082.0086849315
2018-04-25,30082.0086849315
2018-04-26,30082.0086849315
2018-04-27,30082.0086849315
2018-04-28,30082.0086849315
2018-04-29,30082.0086849315
2018-04-30,30082.0086849315
2018-05-01,30082.0086849315
2018-05-02,30082.0086849315
2018-05-03,30082.0086849315
2018-05-04,30082.0086849315
2018-05-05,30082.0086849315
2018-05-06,30082.0086849315
2018-05-07,30082.0086849315
2018-05-08,30082.0086849315
2018-05-09,30082.0086849315
2018-05-10,30082.0086849315
2018-05-11,30082.0086849315
2018-05-12,30082.0086849315
2018-05-13,30082.0086849315
2018-05-14,30082.0086849315
2018-05-15,30082.0086849315
2018-05-16,30082.0086849315
2018-05-17,30082.0086849315
2018-05-18,30082.0086849315
2018-05-19,30082.0086849315
2018-05-20,30082.0086849315
2018-05-21,30082.0086849315
2018-05-22,30082.0086849315
2018-05-23,30082.0086849315
2018-05-24,30082.0086849315
2018-05-25,30082.0086849315
2018-05-26,30082.0086849315
2018-05-27,30082.0086849315
2018-05-28,30082.0086849315
2018-05-29,30082.0086849315
2018-05-30,30082.0086849315
2018-05-31,30082.0086849315
2018-06-01,30082.0086849315
2018-06-02,30082.0086849315
2018-06-03,30082.0086849315
2018-06-04,30082.0086849315
2018-06-05,30082.0086849315
2018-06-06,30082.0086849315
2018-06-07,30082.0086849315
2018-06-08,30082.0086849315
2018-06-09,30082.0086849315
2018-06-10,30082.0086849315
2018-06-11,30082.0086849315
2018-06-12,30082.0086849315
2018-06-13,30082.0086849315
2018-06-14,30082.0086849315
2018-06-15,30082.0086849315
2018-06-16,30082.0086849315
2018-06-17,30082.0086849315
2018-06-18,30082.0086849315
2018-06-19,30082.0086849315
2018-06-20,30082.0086849315
2018-06-21,30082.0086849315
2018-06-22,30082.0086849315
2018-06-23,30082.0086849315
2018-06-24,30082.0086849315
2018-06-25,30082.0086849315
2018-06-26,30082.0086849315
2018-06-27,30082.0086849315
2018-06-28,30082.0086849315
2018-06-29,30082.0086849315
2018-06-30,30082.0086849315
2018-07-01,30082.0086849315
2018-07-02,30082.0086849315
2018-07-03,30082.0086849315
2018-07-04,30082.0086849315
2018-07-05,30082.0086849315
2018-07-06,30082.0086849315
2018-07-07,30082.0086849315
2018-07-08,30082.0086849315
2018-07-09,30082.0086849315
2018-07-10,30082.0086849315
2018-07-11,30082.0086849315
2018-07-12,30082.0086849315
2018-07-13,30082.0086849315
2018-07-14,30082.0086849315
2018-07-15,30082.0086849315
2018-07-16,30082.0086849315
2018-07-17,30082.0086849315
2018-07-18,30082.0086849315
2018-07-19,30082.0086849315
2018-07-20,30082.0086849315
2018-07-21,30082.0086849315
2018-07-22,30082.0086849315
2018-07-23,30082.0086849315
2018-07-24,30082.0086849315
2018-07-25,30082.0086849315
2018-07-26,30082.0086849315
2018-07-27,30082.0086849315
2018-07-28,30082.0086849315
2018-07-29,30082.0086849315
2018-07-30,30082.0086849315
2018-07-31,30082.0086849315
2018-08-01,30082.0086849315
2018-08-02,30082.0086849315
2018-08-03,30082.0086849315
2018-08-04,30082.0086849315
2018-08-05,30082.0086849315
2018-08-06,30082.0086849315
2018-08-07,30082.0086849315
2018-08-08,30082.0086849315
2018-08-09,30082.0086849315
2018-08-10,30082.0086849315
2018-08-11,30082.0086849315
2018-08-12,30082.0086849315
2018-08-13,30082.0086849315
2018-08-14,30082.0086849315
2018-08-15,30082.0086849315
2018-08-16,30082.0086849315
2018-08-17,30082.0086849315
2018-08-18,30082.0086849315
2018-08-19,30082.0086849315
2018-08-20,30082.0086849315
2018-08-21,30082.0086849315
2018-08-22,30082.0086849315
2018-08-23,30082.0086849315
2018-08-24,30082.0086849315
2018-08-25,30082.0086849315
2018-08-26,30082.0086849315
2018-08-27,30082.0086849315
2018-08-28,30082.0086849315
2018-08-29,30082.0086849315
2018-08-30,30082.0086849315
2018-08-31,30082.0086849315
2018-09-01,30082.0086849315
2018-09-02,30082.0086849315
2018-09-03,30082.0086849315
2018-09-04,30082.0086849315
2018-09-05,30082.0086849315
2018-09-06,30082.0086849315
2018-09-07,30082.0086849315
2018-09-10,30082.0086849315
2018-09-11,30082.0086849315
2018-09-12,30082.0086849315
2018-09-13,30082.0086849315
2018-09-14,30082.0086849315
2018-09-21,30082.0086849315
2018-09-22,30082.0086849315
2018-09-23,30082.0086849315
2018-09-24,30082.0086849315
2018-09-25,30082.0086849315
2018-09-26,30082.0086849315
2018-09-27,30082.0086849315
2018-09-28,30082.0086849315
2018-09-29,30082.0086849315
2018-09-30,30082.0086849315
2018-10-01,30082.0086849315
2018-10-02,30082.0086849315
2018-10-03,30082.0086849315
2018-10-04,30082.0086849315
2018-10-05,30082.0086849315
2018-10-06,30082.0086849315
2018-10-07,30082.0086849315
2018-10-08,30082.0086849315
2018-10-09,30082.0086849315
2018-10-10,30082.0086849315
2018-10-11,30082.0086849315
2018-10-12,30082.0086849315
2018-10-15,30082.0086849315
2018-10-16,30082.0086849315
2018-10-17,30082.0086849315
2018-10-18,30082.0086849315
2018-10-19,30082.0086849315
2018-10-22,30082.0086849315
2018-10-23,30082.0086849315
2018-10-24,30082.0086849315
2018-10-25,30082.0086849315
2018-10-26,30082.0086849315
2018-10-27,30082.0086849315
2018-10-28,30082.0086849315
2018-10-29,30082.0086849315
2018-10-30,30082.0086849315
2018-10-31,30082.0086849315
2018-11-01,30082.0086849315
2018-11-02,30082.0086849315
2018-11-03,30082.0086849315
2018-11-04,30082.0086849315
2018-11-05,30082.0086849315
2018-11-06,30082.0086849315
2018-11-07,30082.0086849315
2018-11-08,30082.0086849315
2018-11-09,30082.0086849315
2018-11-10,30082.0086849315
2018-11-11,30082.0086849315
2018-11-12,30082.0086849315
2018-11-13,30082.0086849315
2018-11-14,30082.0086849315
2018-11-15,30082.0086849315
2018-11-16,30082.0086849315
2018-11-17,30082.0086849315
2018-11-18,30082.0086849315
2018-11-19,30082.0086849315
2018-11-20,30082.0086849315
2018-11-21,30082.0086849315
2018-11-22,30082.0086849315
2018-11-23,30082.0086849315
2018-11-24,30082.0086849315
2018-11-25,30082.0086849315
2018-11-26,30082.0086849315
2018-11-27,30082.0086849315
2018-11-28,30082.0086849315
2018-11-29,30082.0086849315
2018-11-30,30082.0086849315
2018-12-01,30082.0086849315
2018-12-02,30082.0086849315
2018-12-03,30082.0086849315
2018-12-04,30082.0086849315
2018-12-05,30082.0086849315
2018-12-06,30082.0086849315
2018-12-07,30082.0086849315
2018-12-08,30082.0086849315
2018-12-09,30082.0086849315
2018-12-10,30082.0086849315
2018-12-11,30082.0086849315
2018-12-12,30082.0086849315
2018-12-13,30082.0086849315
2018-12-14,30082.0086849315
2018-12-15,30082.0086849315
2018-12-16,30082.0086849315
2018-12-17,30082.0086849315
2018-12-18,30082.0086849315
2018-12-19,30082.0086849315
2018-12-20,30082.0086849315
2018-12-21,30082.0086849315
2018-12-22,30082.0086849315
2018-12-23,30082.0086849315
2018-12-24,30082.0086849315
2018-12-25,30082.0086849315
2018-12-26,30082.0086849315
2018-12-27,30082.0086849315
2018-12-28,30082.0086849315
2018-12-29,30082.0086849315
2018-12-30,30082.0086849315
2018-12-31,30082.0086849315
2019-01-01,31569.7584657534
2019-01-02,31569.7584657534
2019-01-03,31569.7584657534
2019-01-04,31569.7584657534
2019-01-05,31569.7584657534
2019-01-06,31569.7584657534
2019-01-07,31569.7584657534
2019-01-08,31569.7584657534
2019-01-09,31569.7584657534
2019-01-10,31569.7584657534
2019-01-11,31569.7584657534
2019-01-12,31569.7584657534
2019-01-13,31569.7584657534
2019-01-14,31569.7584657534
2019-01-15,31569.7584657534
2019-01-16,31569.7584657534
2019-01-17,31569.7584657534
2019-01-18,31569.7584657534
2019-01-19,31569.7584657534
2019-01-20,31569.7584657534
2019-01-21,31569.7584657534
2019-01-22,31569.7584657534
2019-01-23,31569.7584657534
2019-01-24,31569.7584657534
2019-01-25,31569.7584657534
2019-01-26,31569.7584657534
2019-01-27,31569.7584657534
2019-01-28,31569.7584657534
2019-01-29,31569.7584657534
2019-01-30,31569.7584657534
2019-01-31,31569.7584657534
2019-02-01,31569.7584657534
2019-02-02,31569.7584657534
2019-02-03,31569.7584657534
2019-02-04,31569.7584657534
2019-02-05,31569.7584657534
2019-02-06,31569.7584657534
2019-02-07,31569.7584657534
2019-02-08,31569.7584657534
2019-02-09,31569.7584657534
2019-02-10,31569.7584657534
2019-02-11,31569.7584657534
2019-02-12,31569.7584657534
2019-02-13,31569.7584657534
2019-02-14,31569.7584657534
2019-02-15,31569.7584657534
2019-02-16,31569.7584657534
2019-02-17,31569.7584657534
2019-02-18,31569.7584657534
2019-02-19,31569.7584657534
2019-02-20,31569.7584657534
2019-02-21,31569.7584657534
2019-02-22,31569.7584657534
2019-02-23,31569.7584657534
2019-02-24,31569.7584657534
2019-02-25,31569.7584657534
2019-02-26,31569.7584657534
2019-02-27,31569.7584657534
2019-02-28,31569.7584657534
2019-03-01,31569.7584657534
2019-03-02,31569.7584657534
2019-03-03,31569.7584657534
2019-03-04,31569.7584657534
2019-03-05,31569.7584657534
2019-03-06,31569.7584657534
2019-03-07,31569.7584657534
2019-03-08,31569.7584657534
2019-03-09,31569.7584657534
2019-03-10,31569.7584657534
2019-03-11,31569.7584657534
2019-03-12,31569.7584657534
2019-03-13,31569.7584657534
2019-03-14,31569.7584657534
2019-03-15,31569.7584657534
2019-03-16,31569.7584657534
2019-03-17,31569.7584657534
2019-03-18,31569.7584657534
2019-03-19,31569.7584657534
2019-03-20,31569.7584657534
2019-03-21,31569.7584657534
2019-03-22,31569.7584657534
2019-03-23,31569.7584657534
2019-03-24,31569.7584657534
2019-03-25,31569.7584657534
2019-03-26,31569.7584657534
2019-03-27,31569.7584657534
2019-03-28,31569.7584657534
2019-03-29,31569.7584657534
2019-03-30,31569.7584657534
2019-03-31,31569.7584657534
2019-04-01,31569.7584657534
2019-04-02,31569.7584657534
2019-04-03,31569.7584657534
2019-04-05,31569.7584657534
2019-04-06,31569.7584657534
2019-04-07,31569.7584657534
2019-04-08,31569.7584657534
2019-04-09,31569.7584657534
2019-04-10,31569.7584657534
2019-04-11,31569.7584657534
2019-04-12,31569.7584657534
2019-04-13,31569.7584657534
2019-04-14,31569.7584657534
2019-04-15,31569.7584657534
2019-04-16,31569.7584657534
2019-04-17,31569.7584657534
2019-04-18,31569.7584657534
2019-04-19,31569.7584657534
2019-04-20,31569.7584657534
2019-04-21,31569.7584657534
2019-04-22,31569.7584657534
2019-04-23,31569.7584657534
2019-04-24,31569.7584657534
2019-04-25,31569.7584657534
2019-04-26,31569.7584657534
2019-04-27,31569.7584657534
2019-04-28,31569.7584657534
2019-04-29,31569.7584657534
2019-04-30,31569.7584657534
2019-05-01,31569.7584657534
2019-05-02,31569.7584657534
2019-05-03,31569.7584657534
2019-05-04,31569.7584657534
2019-05-05,31569.7584657534
2019-05-06,31569.7584657534
2019-05-07,31569.7584657534
2019-05-08,31569.7584657534
2019-05-09,31569.7584657534
2019-05-10,31569.7584657534
2019-05-11,31569.7584657534
2019-05-12,31569.7584657534
2019-05-13,31569.7584657534
2019-05-14,31569.7584657534
2019-05-15,31569.7584657534
2019-05-16,31569.7584657534
2019-05-17,31569.7584657534
2019-05-18,31569.7584657534
2019-05-19,31569.7584657534
2019-05-20,31569.7584657534
2019-05-21,31569.7584657534
2019-05-22,31569.7584657534
2019-05-23,31569.7584657534
2019-05-24,31569.7584657534
2019-05-25,31569.7584657534
2019-05-26,31569.7584657534
2019-05-27,31569.7584657534
2019-05-28,31569.7584657534
2019-05-29,31569.7584657534
2019-05-30,31569.7584657534
2019-05-31,31569.7584657534
2019-06-01,31569.7584657534
2019-06-02,31569.7584657534
2019-06-03,31569.7584657534
2019-06-04,31569.7584657534
2019-06-05,31569.7584657534
2019-06-06,31569.7584657534
2019-06-07,31569.7584657534
2019-06-08,31569.7584657534
2019-06-09,31569.7584657534
2019-06-10,31569.7584657534
2019-06-11,31569.7584657534
2019-06-12,31569.7584657534
2019-06-13,31569.7584657534
2019-06-14,31569.7584657534
2019-06-15,31569.7584657534
2019-06-16,31569.7584657534
2019-06-17,31569.7584657534
2019-06-18,31569.7584657534
2019-06-19,31569.7584657534
2019-06-20,31569.7584657534
2019-06-21,31569.7584657534
2019-06-22,31569.7584657534
2019-06-23,31569.7584657534
2019-06-24,31569.7584657534
2019-06-25,31569.7584657534
2019-06-26,31569.7584657534
2019-06-27,31569.7584657534
2019-06-28,31569.7584657534
2019-06-29,31569.7584657534
2019-06-30,31569.7584657534
2019-07-01,31569.7584657534
2019-07-02,31569.7584657534
2019-07-03,31569.7584657534
2019-07-04,31569.7584657534
2019-07-05,31569.7584657534
2019-07-06,31569.7584657534
2019-07-07,31569.7584657534
2019-07-08,31569.7584657534
2019-07-09,31569.7584657534
2019-07-10,31569.7584657534
2019-07-11,31569.7584657534
2019-07-12,31569.7584657534
2019-07-13,31569.7584657534
2019-07-14,31569.7584657534
2019-07-15,31569.7584657534
2019-07-16,31569.7584657534
2019-07-17,31569.7584657534
2019-07-18,31569.7584657534
2019-07-19,31569.7584657534
2019-07-20,31569.7584657534
2019-07-21,31569.7584657534
2019-07-22,31569.7584657534
2019-07-23,31569.7584657534
2019-07-24,31569.7584657534
2019-07-25,31569.7584657534
2019-07-26,31569.7584657534
2019-07-27,31569.7584657534
2019-07-28,31569.7584657534
2019-07-29,31569.7584657534
2019-07-30,31569.7584657534
2019-07-31,31569.7584657534
2019-08-01,31569.7584657534